city,date,temperature,precipitation,humidity,wind,season
Salsipuedes,2024-05-17,22.0,0.0,90,17.1,spring
Salsipuedes,2024-05-18,22.6,0.0,85,21.2,spring
Salsipuedes,2024-05-19,22.3,0.0,76,11.7,spring
Salsipuedes,2024-05-20,23.9,0.0,68,26.8,spring
Salsipuedes,2024-05-21,22.5,0.0,76,15.3,spring
Salsipuedes,2024-05-22,21.1,0.0,77,12.4,spring
Salsipuedes,2024-05-23,20.4,0.0,80,15.5,spring
Salsipuedes,2024-05-24,21.0,0.0,84,15.3,spring
Salsipuedes,2024-05-25,20.0,0.0,87,16.1,spring
Salsipuedes,2024-05-26,21.0,0.0,77,14.2,spring
Salsipuedes,2024-05-27,21.8,0.0,77,25.2,spring
Salsipuedes,2024-05-28,23.0,0.0,79,23.2,spring
Salsipuedes,2024-05-29,21.6,0.0,82,13.6,spring
Salsipuedes,2024-05-30,20.2,0.0,85,19.6,spring
Salsipuedes,2024-05-31,21.8,0.0,91,14.1,spring
Salsipuedes,2024-06-01,21.6,0.0,84,15.0,spring
Salsipuedes,2024-06-02,21.2,0.0,88,16.6,spring
Salsipuedes,2024-06-03,21.4,0.0,82,21.0,spring
Salsipuedes,2024-06-04,20.9,0.0,88,17.3,spring
Salsipuedes,2024-06-05,21.7,0.0,94,9.3,spring
Salsipuedes,2024-06-06,23.6,0.0,85,13.3,spring
Salsipuedes,2024-06-07,23.6,0.0,81,12.2,spring
Salsipuedes,2024-06-08,22.0,0.0,95,17.5,spring
Salsipuedes,2024-06-09,22.0,0.0,94,30.1,spring
Salsipuedes,2024-06-10,21.5,0.0,87,15.6,spring
Salsipuedes,2024-06-11,23.1,0.0,77,16.4,spring
Salsipuedes,2024-06-12,24.0,0.0,70,23.2,spring
Salsipuedes,2024-06-13,25.1,0.0,76,21.9,spring
Salsipuedes,2024-06-14,24.0,0.0,80,10.6,spring
Salsipuedes,2024-06-15,24.1,0.0,97,23.7,spring
Salsipuedes,2024-06-16,24.8,0.0,100,29.4,spring
Salsipuedes,2024-06-17,25.4,0.0,86,18.2,spring
Salsipuedes,2024-06-18,23.4,0.0,88,13.3,spring
Salsipuedes,2024-06-19,24.6,0.0,84,21.0,spring
Salsipuedes,2024-06-20,24.9,0.0,79,23.5,spring
Salsipuedes,2024-06-21,26.3,0.0,93,32.4,summer
Salsipuedes,2024-06-22,25.6,0.1,97,25.2,summer
Salsipuedes,2024-06-23,25.4,0.0,96,19.6,summer
Salsipuedes,2024-06-24,26.5,0.0,96,14.5,summer
Salsipuedes,2024-06-25,26.7,0.0,87,18.1,summer
Salsipuedes,2024-06-26,25.3,0.0,84,15.2,summer
Salsipuedes,2024-06-27,25.6,0.0,87,22.0,summer
Salsipuedes,2024-06-28,25.8,0.0,94,27.0,summer
Salsipuedes,2024-06-29,25.7,0.0,94,20.8,summer
Salsipuedes,2024-06-30,26.1,0.0,94,26.9,summer
Salsipuedes,2024-07-01,26.2,0.0,96,23.2,summer
Salsipuedes,2024-07-02,27.0,0.0,91,36.6,summer
Salsipuedes,2024-07-03,26.9,0.0,92,34.9,summer
Salsipuedes,2024-07-04,26.1,0.0,94,31.9,summer
Salsipuedes,2024-07-05,26.4,0.0,91,25.0,summer
Salsipuedes,2024-07-06,26.6,0.0,91,29.8,summer
Salsipuedes,2024-07-07,26.2,0.0,92,18.6,summer
Salsipuedes,2024-07-08,26.0,0.0,96,21.4,summer
Salsipuedes,2024-07-09,25.7,0.0,94,39.4,summer
Salsipuedes,2024-07-10,25.6,0.0,95,28.7,summer
Salsipuedes,2024-07-11,25.2,0.0,100,22.2,summer
Salsipuedes,2024-07-12,25.6,0.0,91,36.1,summer
Salsipuedes,2024-07-13,26.9,0.0,90,42.3,summer
Salsipuedes,2024-07-14,26.4,5.3,93,39.7,summer
Salsipuedes,2024-07-15,26.9,0.0,95,17.9,summer
Salsipuedes,2024-07-16,27.6,0.0,89,15.3,summer
Salsipuedes,2024-07-17,27.6,0.0,80,19.6,summer
Salsipuedes,2024-07-18,27.9,0.0,86,15.6,summer
Salsipuedes,2024-07-19,28.5,0.0,87,20.8,summer
Salsipuedes,2024-07-20,28.4,0.0,90,30.4,summer
Salsipuedes,2024-07-21,28.0,0.0,91,47.1,summer
Salsipuedes,2024-07-22,28.7,0.0,96,12.2,summer
Salsipuedes,2024-07-23,28.2,0.0,92,28.3,summer
Salsipuedes,2024-07-24,28.4,0.0,92,30.3,summer
Salsipuedes,2024-07-25,28.2,0.0,93,25.4,summer
Salsipuedes,2024-07-26,28.2,0.0,92,26.0,summer
Salsipuedes,2024-07-27,27.4,0.0,93,30.3,summer
Salsipuedes,2024-07-28,27.0,0.0,100,25.2,summer
Salsipuedes,2024-07-29,27.6,0.0,99,26.0,summer
Salsipuedes,2024-07-30,27.6,0.0,96,23.2,summer
Salsipuedes,2024-07-31,28.3,0.0,93,27.6,summer
Salsipuedes,2024-08-01,28.8,0.0,92,26.0,summer
Salsipuedes,2024-08-02,28.3,0.0,100,16.9,summer
Salsipuedes,2024-08-03,29.2,0.0,93,15.3,summer
Salsipuedes,2024-08-04,29.2,0.0,91,28.0,summer
Salsipuedes,2024-08-05,29.1,0.0,92,29.8,summer
Salsipuedes,2024-08-06,28.8,1.0,90,40.7,summer
Salsipuedes,2024-08-07,27.9,0.0,89,32.4,summer
Salsipuedes,2024-08-08,28.4,0.0,80,14.3,summer
Salsipuedes,2024-08-09,29.5,0.0,75,16.2,summer
Salsipuedes,2024-08-10,28.7,0.0,87,31.3,summer
Salsipuedes,2024-08-11,30.0,0.0,91,32.6,summer
Salsipuedes,2024-08-12,28.8,0.0,86,16.4,summer
Salsipuedes,2024-08-13,29.1,0.0,87,24.6,summer
Salsipuedes,2024-08-14,29.2,0.0,90,20.6,summer
Salsipuedes,2024-08-15,30.4,0.0,94,36.9,summer
Salsipuedes,2024-08-16,30.1,0.0,89,26.3,summer
Salsipuedes,2024-08-17,30.1,0.0,88,17.7,summer
Salsipuedes,2024-08-18,29.9,0.0,88,31.3,summer
Salsipuedes,2024-08-19,29.9,0.0,91,18.9,summer
Salsipuedes,2024-08-20,30.0,0.0,85,31.8,summer
Salsipuedes,2024-08-21,28.8,0.0,91,24.2,summer
Salsipuedes,2024-08-22,29.4,0.0,85,11.6,summer
Salsipuedes,2024-08-23,29.0,0.0,92,31.8,summer
Salsipuedes,2024-08-24,28.1,0.0,96,30.5,summer
Salsipuedes,2024-08-25,28.6,0.0,88,13.5,summer
Salsipuedes,2024-08-26,28.4,0.0,82,19.6,summer
Salsipuedes,2024-08-27,28.2,0.0,98,21.5,summer
Salsipuedes,2024-08-28,29.0,0.0,95,21.3,summer
Salsipuedes,2024-08-29,29.0,0.0,93,17.1,summer
Salsipuedes,2024-08-30,28.8,0.0,94,11.1,summer
Salsipuedes,2024-08-31,29.8,0.0,92,13.2,summer
Salsipuedes,2024-09-01,29.6,0.0,79,20.1,summer
Salsipuedes,2024-09-02,29.4,0.0,88,20.6,summer
Salsipuedes,2024-09-03,29.3,0.0,85,16.8,summer
Salsipuedes,2024-09-04,28.9,0.0,94,12.5,summer
Salsipuedes,2024-09-05,28.1,0.0,100,15.7,summer
Salsipuedes,2024-09-06,29.4,0.0,95,21.1,summer
Salsipuedes,2024-09-07,29.8,0.0,88,20.5,summer
Salsipuedes,2024-09-08,29.4,0.0,97,23.8,summer
Salsipuedes,2024-09-09,30.6,0.0,84,19.5,summer
Salsipuedes,2024-09-10,30.1,0.0,86,19.5,summer
Salsipuedes,2024-09-11,30.4,0.0,88,9.5,summer
Salsipuedes,2024-09-12,30.7,0.0,71,20.6,summer
Salsipuedes,2024-09-13,29.6,0.0,85,37.9,summer
Salsipuedes,2024-09-14,29.6,0.0,71,20.7,summer
Salsipuedes,2024-09-15,28.7,0.0,77,30.3,summer
Salsipuedes,2024-09-16,27.6,0.0,73,25.4,summer
Salsipuedes,2024-09-17,26.6,0.0,68,18.6,summer
Salsipuedes,2024-09-18,26.6,0.0,71,25.8,summer
Salsipuedes,2024-09-19,26.1,0.0,75,16.8,summer
Salsipuedes,2024-09-20,25.6,0.0,68,25.8,summer
Salsipuedes,2024-09-21,26.0,0.0,62,22.7,summer
Salsipuedes,2024-09-22,27.4,0.0,74,20.1,summer
Salsipuedes,2024-09-23,27.9,0.0,86,17.0,autumn
Salsipuedes,2024-09-24,27.9,0.0,86,12.2,autumn
Salsipuedes,2024-09-25,27.8,0.0,77,15.7,autumn
Salsipuedes,2024-09-26,28.5,0.0,75,19.2,autumn
Salsipuedes,2024-09-27,28.4,0.0,76,26.3,autumn
Salsipuedes,2024-09-28,29.0,0.0,79,23.8,autumn
Salsipuedes,2024-09-29,29.0,0.0,92,21.5,autumn
Salsipuedes,2024-09-30,28.5,0.0,93,30.9,autumn
Salsipuedes,2024-10-01,28.5,0.0,92,15.7,autumn
Salsipuedes,2024-10-02,28.1,0.0,88,17.4,autumn
Salsipuedes,2024-10-03,27.9,0.0,98,13.9,autumn
Salsipuedes,2024-10-04,28.6,0.0,81,16.9,autumn
Salsipuedes,2024-10-05,28.8,0.0,78,19.3,autumn
Salsipuedes,2024-10-06,27.8,0.0,96,18.4,autumn
Salsipuedes,2024-10-07,27.9,0.0,92,20.7,autumn
Salsipuedes,2024-10-08,27.6,0.0,94,26.8,autumn
Salsipuedes,2024-10-09,27.1,0.0,99,18.9,autumn
Salsipuedes,2024-10-10,27.4,0.0,93,18.0,autumn
Salsipuedes,2024-10-11,27.6,0.0,96,18.1,autumn
Salsipuedes,2024-10-12,28.0,0.0,95,21.5,autumn
Salsipuedes,2024-10-13,28.2,0.0,92,19.5,autumn
Salsipuedes,2024-10-14,28.9,0.0,68,14.7,autumn
Salsipuedes,2024-10-15,26.5,0.0,69,24.2,autumn
Salsipuedes,2024-10-16,24.5,0.0,74,20.5,autumn
Salsipuedes,2024-10-17,24.5,0.0,70,15.8,autumn
Salsipuedes,2024-10-18,23.9,0.0,69,33.5,autumn
Salsipuedes,2024-10-19,25.1,0.0,61,33.0,autumn
Salsipuedes,2024-10-20,24.9,0.0,58,27.1,autumn
Salsipuedes,2024-10-21,25.2,0.0,70,29.5,autumn
Salsipuedes,2024-10-22,25.9,0.0,77,24.6,autumn
Salsipuedes,2024-10-23,25.9,0.0,85,19.5,autumn
Salsipuedes,2024-10-24,25.6,0.0,88,12.6,autumn
Salsipuedes,2024-10-25,25.9,0.0,88,14.3,autumn
Salsipuedes,2024-10-26,26.4,0.0,87,24.7,autumn
Salsipuedes,2024-10-27,25.9,0.0,91,14.6,autumn
Salsipuedes,2024-10-28,26.1,0.0,81,10.7,autumn
Salsipuedes,2024-10-29,24.6,0.0,69,39.1,autumn
Salsipuedes,2024-10-30,22.9,0.0,64,30.8,autumn
Salsipuedes,2024-10-31,23.7,0.0,56,25.7,autumn
Salsipuedes,2024-11-01,23.4,0.0,64,12.0,autumn
Salsipuedes,2024-11-02,21.9,0.0,69,15.8,autumn
Salsipuedes,2024-11-03,21.1,0.0,65,33.3,autumn
Salsipuedes,2024-11-04,21.6,0.0,63,45.7,autumn
Salsipuedes,2024-11-05,22.6,0.0,53,37.3,autumn
Salsipuedes,2024-11-06,21.9,0.0,68,39.0,autumn
Salsipuedes,2024-11-07,21.6,0.0,46,43.3,autumn
Salsipuedes,2024-11-08,20.7,0.0,52,42.5,autumn
Salsipuedes,2024-11-09,21.4,0.0,66,31.2,autumn
Salsipuedes,2024-11-10,21.6,0.0,68,21.9,autumn
Salsipuedes,2024-11-11,21.4,0.0,76,15.3,autumn
Salsipuedes,2024-11-12,21.4,0.0,76,36.8,autumn
Salsipuedes,2024-11-13,21.7,0.0,61,31.8,autumn
Salsipuedes,2024-11-14,21.2,0.0,82,27.5,autumn
Salsipuedes,2024-11-15,19.9,0.0,82,20.6,autumn
Salsipuedes,2024-11-16,18.4,0.0,66,25.6,autumn
Salsipuedes,2024-11-17,16.4,2.3,75,36.9,autumn
Salsipuedes,2024-11-18,18.2,0.0,73,21.2,autumn
Salsipuedes,2024-11-19,19.1,0.0,76,32.2,autumn
Salsipuedes,2024-11-20,19.9,0.0,71,34.8,autumn
Salsipuedes,2024-11-21,20.6,0.0,68,31.7,autumn
Salsipuedes,2024-11-22,21.2,0.0,79,21.6,autumn
Salsipuedes,2024-11-23,19.5,0.0,89,9.1,autumn
Salsipuedes,2024-11-24,19.8,0.0,87,11.7,autumn
Salsipuedes,2024-11-25,21.1,0.0,83,20.5,autumn
Salsipuedes,2024-11-26,21.6,0.0,80,22.6,autumn
Salsipuedes,2024-11-27,21.1,0.0,88,21.6,autumn
Salsipuedes,2024-11-28,21.0,0.0,77,31.4,autumn
Salsipuedes,2024-11-29,20.4,0.0,69,33.0,autumn
Salsipuedes,2024-11-30,20.3,0.0,68,32.2,autumn
Salsipuedes,2024-12-01,20.9,0.0,67,23.5,autumn
Salsipuedes,2024-12-02,21.0,0.0,67,24.2,autumn
Salsipuedes,2024-12-03,20.4,0.0,81,16.8,autumn
Salsipuedes,2024-12-04,19.8,0.0,86,16.1,autumn
Salsipuedes,2024-12-05,20.4,0.0,76,22.8,autumn
Salsipuedes,2024-12-06,20.6,0.0,70,25.1,autumn
Salsipuedes,2024-12-07,20.5,0.0,87,26.0,autumn
Salsipuedes,2024-12-08,19.4,0.0,82,16.3,autumn
Salsipuedes,2024-12-09,19.1,0.0,89,33.2,autumn
Salsipuedes,2024-12-10,19.0,0.0,72,55.4,autumn
Salsipuedes,2024-12-11,18.8,0.0,60,49.3,autumn
Salsipuedes,2024-12-12,18.4,0.0,84,29.0,autumn
Salsipuedes,2024-12-13,18.2,0.0,76,28.8,autumn
Salsipuedes,2024-12-14,17.6,0.0,79,26.1,autumn
Salsipuedes,2024-12-15,18.9,0.0,77,32.5,autumn
Salsipuedes,2024-12-16,18.3,0.0,75,32.3,autumn
Salsipuedes,2024-12-17,18.5,0.0,73,27.8,autumn
Salsipuedes,2024-12-18,18.7,0.0,72,26.4,autumn
Salsipuedes,2024-12-19,18.9,0.0,78,20.7,autumn
Salsipuedes,2024-12-20,18.4,0.0,82,21.1,autumn
Salsipuedes,2024-12-21,19.1,0.0,76,27.4,winter
Salsipuedes,2024-12-22,18.9,0.0,81,22.1,winter
Salsipuedes,2024-12-23,19.0,0.0,83,19.3,winter
Salsipuedes,2024-12-24,18.8,0.0,85,15.1,winter
Salsipuedes,2024-12-25,17.7,0.0,84,37.4,winter
Salsipuedes,2024-12-26,18.3,0.0,70,28.2,winter
Salsipuedes,2024-12-27,17.9,0.0,79,17.7,winter
Salsipuedes,2024-12-28,18.4,0.0,85,22.5,winter
Salsipuedes,2024-12-29,18.8,0.0,81,24.9,winter
Salsipuedes,2024-12-30,18.0,0.0,90,12.8,winter
Salsipuedes,2024-12-31,17.8,0.0,91,18.6,winter
Salsipuedes,2025-01-01,18.4,0.0,79,30.7,winter
Salsipuedes,2025-01-02,18.8,0.0,64,30.9,winter
Salsipuedes,2025-01-03,18.6,0.0,79,22.9,winter
Salsipuedes,2025-01-04,17.2,0.0,89,24.6,winter
Salsipuedes,2025-01-05,18.0,0.0,76,26.9,winter
Salsipuedes,2025-01-06,17.5,0.0,83,28.9,winter
Salsipuedes,2025-01-07,17.0,0.0,82,26.9,winter
Salsipuedes,2025-01-08,15.9,0.0,78,44.2,winter
Salsipuedes,2025-01-09,16.4,0.0,76,42.6,winter
Salsipuedes,2025-01-10,15.6,0.0,66,45.1,winter
Salsipuedes,2025-01-11,16.4,0.0,65,34.8,winter
Salsipuedes,2025-01-12,16.4,0.0,61,28.9,winter
Salsipuedes,2025-01-13,15.6,0.0,61,37.9,winter
Salsipuedes,2025-01-14,15.8,0.0,60,42.6,winter
Salsipuedes,2025-01-15,15.9,0.0,71,32.8,winter
Salsipuedes,2025-01-16,15.3,0.0,77,19.4,winter
Salsipuedes,2025-01-17,15.4,0.0,77,11.7,winter
Salsipuedes,2025-01-18,15.4,0.0,81,17.2,winter
Salsipuedes,2025-01-19,15.8,0.0,89,25.5,winter
Salsipuedes,2025-01-20,16.1,0.0,89,45.0,winter
Salsipuedes,2025-01-21,15.5,0.0,63,52.6,winter
Salsipuedes,2025-01-22,16.0,0.0,66,41.2,winter
Salsipuedes,2025-01-23,16.3,0.0,73,42.5,winter
Salsipuedes,2025-01-24,15.9,0.0,66,41.8,winter
Salsipuedes,2025-01-25,16.3,0.0,92,33.4,winter
Salsipuedes,2025-01-26,15.1,0.0,86,10.4,winter
Salsipuedes,2025-01-27,14.9,0.0,80,19.3,winter
Salsipuedes,2025-01-28,14.4,0.0,71,23.4,winter
Salsipuedes,2025-01-29,14.3,0.0,71,20.7,winter
Salsipuedes,2025-01-30,14.3,0.0,82,16.3,winter
Salsipuedes,2025-01-31,15.8,0.0,81,33.0,winter
Salsipuedes,2025-02-01,16.6,0.0,78,29.2,winter
Salsipuedes,2025-02-02,16.4,0.0,77,20.2,winter
Salsipuedes,2025-02-03,16.4,0.0,81,11.2,winter
Salsipuedes,2025-02-04,15.9,0.0,89,19.7,winter
Salsipuedes,2025-02-05,15.7,0.0,96,15.1,winter
Salsipuedes,2025-02-06,15.1,0.0,91,11.6,winter
Salsipuedes,2025-02-07,16.9,0.0,85,20.9,winter
Salsipuedes,2025-02-08,17.2,0.0,79,23.8,winter
Salsipuedes,2025-02-09,17.4,0.0,80,25.3,winter
Salsipuedes,2025-02-10,16.2,0.0,85,13.9,winter
Salsipuedes,2025-02-11,15.2,0.0,80,19.4,winter
Salsipuedes,2025-02-12,14.8,0.0,78,19.0,winter
Salsipuedes,2025-02-13,15.7,0.0,84,13.9,winter
Salsipuedes,2025-02-14,16.0,0.0,87,21.0,winter
Salsipuedes,2025-02-15,16.0,0.0,82,36.1,winter
Salsipuedes,2025-02-16,16.5,0.0,73,32.5,winter
Salsipuedes,2025-02-17,15.5,0.0,86,21.1,winter
Salsipuedes,2025-02-18,16.1,0.0,89,16.4,winter
Salsipuedes,2025-02-19,16.4,0.0,84,19.1,winter
Salsipuedes,2025-02-20,16.0,0.0,80,10.1,winter
Salsipuedes,2025-02-21,16.9,0.0,84,23.6,winter
Salsipuedes,2025-02-22,17.4,0.0,72,23.9,winter
Salsipuedes,2025-02-23,18.1,0.0,69,30.4,winter
Salsipuedes,2025-02-24,18.5,0.0,69,28.3,winter
Salsipuedes,2025-02-25,17.8,0.0,78,18.7,winter
Salsipuedes,2025-02-26,17.3,0.0,91,17.6,winter
Salsipuedes,2025-02-27,17.4,0.0,88,27.8,winter
Salsipuedes,2025-02-28,17.2,0.0,75,20.3,winter
Salsipuedes,2025-03-01,16.1,0.0,83,38.1,winter
Salsipuedes,2025-03-02,16.5,0.0,83,17.6,winter
Salsipuedes,2025-03-03,16.4,0.0,73,33.9,winter
Salsipuedes,2025-03-04,15.1,0.0,85,20.5,winter
Salsipuedes,2025-03-05,16.1,0.0,86,17.5,winter
Salsipuedes,2025-03-06,16.0,0.0,90,18.3,winter
Salsipuedes,2025-03-07,15.6,0.0,73,23.8,winter
Salsipuedes,2025-03-08,15.2,0.0,82,23.8,winter
Salsipuedes,2025-03-09,16.2,0.0,83,29.8,winter
Salsipuedes,2025-03-10,16.6,0.0,76,23.6,winter
Salsipuedes,2025-03-11,16.5,0.0,79,27.9,winter
Salsipuedes,2025-03-12,16.4,0.0,90,28.7,winter
Salsipuedes,2025-03-13,16.4,0.0,90,27.8,winter
Salsipuedes,2025-03-14,14.6,0.0,70,30.3,winter
Salsipuedes,2025-03-15,15.8,0.0,86,30.6,winter
Salsipuedes,2025-03-16,16.3,0.0,75,26.2,winter
Salsipuedes,2025-03-17,16.6,0.0,81,21.0,winter
Salsipuedes,2025-03-18,16.5,0.0,76,41.6,winter
Salsipuedes,2025-03-19,17.0,0.0,67,35.8,winter
Salsipuedes,2025-03-20,17.4,0.0,64,36.0,winter
Salsipuedes,2025-03-21,16.8,0.0,78,22.7,spring
Salsipuedes,2025-03-22,16.3,0.0,82,16.0,spring
Salsipuedes,2025-03-23,16.8,0.0,88,11.1,spring
Salsipuedes,2025-03-24,17.9,0.0,93,24.1,spring
Salsipuedes,2025-03-25,19.4,0.0,77,17.3,spring
Salsipuedes,2025-03-26,17.9,0.0,88,16.7,spring
Salsipuedes,2025-03-27,16.4,0.0,98,9.4,spring
Salsipuedes,2025-03-28,16.9,0.0,90,14.4,spring
Salsipuedes,2025-03-29,17.8,0.0,82,13.9,spring
Salsipuedes,2025-03-30,16.9,0.0,82,11.4,spring
Salsipuedes,2025-03-31,18.1,0.0,78,20.8,spring
Salsipuedes,2025-04-01,18.1,0.0,87,36.5,spring
Salsipuedes,2025-04-02,16.1,0.0,72,26.6,spring
Salsipuedes,2025-04-03,14.6,0.0,75,27.6,spring
Salsipuedes,2025-04-04,14.8,0.0,79,19.0,spring
Salsipuedes,2025-04-05,16.5,0.0,83,22.9,spring
Salsipuedes,2025-04-06,18.3,0.0,79,35.4,spring
Salsipuedes,2025-04-07,18.8,0.0,74,26.2,spring
Salsipuedes,2025-04-08,19.0,0.0,76,21.0,spring
Salsipuedes,2025-04-09,18.1,0.0,79,13.8,spring
Salsipuedes,2025-04-10,19.8,0.0,74,18.5,spring
Salsipuedes,2025-04-11,19.2,0.0,78,21.7,spring
Salsipuedes,2025-04-12,18.9,0.0,72,19.1,spring
Salsipuedes,2025-04-13,18.2,0.0,94,18.3,spring
Salsipuedes,2025-04-14,19.5,0.0,86,26.6,spring
Salsipuedes,2025-04-15,18.7,0.0,86,25.0,spring
Salsipuedes,2025-04-16,17.5,0.0,82,21.1,spring
Salsipuedes,2025-04-17,16.6,0.0,77,17.3,spring
Salsipuedes,2025-04-18,16.6,0.0,80,19.9,spring
Salsipuedes,2025-04-19,17.1,0.0,85,25.3,spring
Salsipuedes,2025-04-20,18.0,0.0,77,21.3,spring
Salsipuedes,2025-04-21,17.6,0.0,77,12.5,spring
Salsipuedes,2025-04-22,17.8,0.0,77,12.2,spring
Salsipuedes,2025-04-23,18.6,0.0,83,17.9,spring
Salsipuedes,2025-04-24,17.6,0.0,79,13.9,spring
Salsipuedes,2025-04-25,18.0,0.0,83,15.0,spring
Salsipuedes,2025-04-26,17.1,0.0,85,19.5,spring
Salsipuedes,2025-04-27,17.0,0.0,84,26.1,spring
Salsipuedes,2025-04-28,16.6,0.0,87,14.9,spring
Salsipuedes,2025-04-29,16.9,0.0,89,16.3,spring
Salsipuedes,2025-04-30,16.4,0.0,84,17.6,spring
Salsipuedes,2025-05-01,17.5,0.0,89,16.2,spring
Salsipuedes,2025-05-02,18.5,0.0,81,14.2,spring
Salsipuedes,2025-05-03,17.4,0.0,88,20.7,spring
Salsipuedes,2025-05-04,17.9,0.0,88,26.2,spring
Salsipuedes,2025-05-05,16.6,0.0,78,27.3,spring
Salsipuedes,2025-05-06,16.6,0.0,82,17.0,spring
Salsipuedes,2025-05-07,17.4,0.0,97,20.0,spring
Salsipuedes,2025-05-08,19.7,0.0,88,28.1,spring
Salsipuedes,2025-05-09,20.8,0.0,72,23.2,spring
Salsipuedes,2025-05-10,21.4,0.0,80,18.4,spring
Salsipuedes,2025-05-11,19.1,0.0,98,28.8,spring
Salsipuedes,2025-05-12,19.3,0.0,99,22.6,spring
Salsipuedes,2025-05-13,20.1,0.0,83,18.1,spring
Salsipuedes,2025-05-14,18.9,0.0,81,27.5,spring
Salsipuedes,2025-05-15,19.5,0,84,13.2,spring
Salsipuedes,2025-05-16,NA,0,NA,NA,spring
Salsipuedes,2025-05-17,NA,0,NA,NA,spring
Válgame Dios,2024-05-17,24.2,0.0,53,12.9,spring
Válgame Dios,2024-05-18,25.4,0.0,53,12.8,spring
Válgame Dios,2024-05-19,27.1,0.0,57,13.3,spring
Válgame Dios,2024-05-20,27.1,0.0,54,12.0,spring
Válgame Dios,2024-05-21,27.5,0.0,61,13.4,spring
Válgame Dios,2024-05-22,27.3,0.0,60,12.7,spring
Válgame Dios,2024-05-23,27.4,0.0,56,12.7,spring
Válgame Dios,2024-05-24,27.8,0.0,36,12.5,spring
Válgame Dios,2024-05-25,28.4,0.0,27,13.9,spring
Válgame Dios,2024-05-26,29.4,0.0,59,14.8,spring
Válgame Dios,2024-05-27,27.9,0.0,62,12.7,spring
Válgame Dios,2024-05-28,28.8,0.0,61,13.0,spring
Válgame Dios,2024-05-29,29.1,0.0,75,12.3,spring
Válgame Dios,2024-05-30,28.6,0.0,63,13.0,spring
Válgame Dios,2024-05-31,27.9,0.0,51,12.8,spring
Válgame Dios,2024-06-01,27.6,0.0,60,12.2,spring
Válgame Dios,2024-06-02,28.5,0.0,58,14.1,spring
Válgame Dios,2024-06-03,27.5,0.0,61,12.4,spring
Válgame Dios,2024-06-04,27.4,0.0,80,12.0,spring
Válgame Dios,2024-06-05,26.9,0.0,88,13.0,spring
Válgame Dios,2024-06-06,27.1,1.2,73,12.4,spring
Válgame Dios,2024-06-07,27.2,0.0,85,13.0,spring
Válgame Dios,2024-06-08,26.1,6.4,89,7.4,spring
Válgame Dios,2024-06-09,25.9,0.4,87,11.2,spring
Válgame Dios,2024-06-10,26.5,0.7,87,12.3,spring
Válgame Dios,2024-06-11,28.6,0.2,80,12.1,spring
Válgame Dios,2024-06-12,27.4,0.0,81,10.7,spring
Válgame Dios,2024-06-13,27.9,0.2,99,12.7,spring
Válgame Dios,2024-06-14,27.6,0.4,94,10.0,spring
Válgame Dios,2024-06-15,28.0,0.0,93,12.6,spring
Válgame Dios,2024-06-16,28.1,0.8,97,9.8,spring
Válgame Dios,2024-06-17,27.9,0.0,91,13.1,spring
Válgame Dios,2024-06-18,27.8,0.0,93,15.0,spring
Válgame Dios,2024-06-19,27.5,0.0,98,13.5,spring
Válgame Dios,2024-06-20,30.1,2.0,67,17.3,spring
Válgame Dios,2024-06-21,26.4,0.8,99,9.4,summer
Válgame Dios,2024-06-22,26.8,10.4,99,9.2,summer
Válgame Dios,2024-06-23,24.6,10.5,100,9.2,summer
Válgame Dios,2024-06-24,25.7,10.9,100,7.8,summer
Válgame Dios,2024-06-25,24.2,1.2,100,10.0,summer
Válgame Dios,2024-06-26,23.2,0.8,100,9.8,summer
Válgame Dios,2024-06-27,24.0,2.0,100,9.2,summer
Válgame Dios,2024-06-28,25.1,5.6,100,6.9,summer
Válgame Dios,2024-06-29,25.5,1.4,100,8.0,summer
Válgame Dios,2024-06-30,25.4,2.6,97,9.7,summer
Válgame Dios,2024-07-01,26.4,4.1,95,10.0,summer
Válgame Dios,2024-07-02,26.0,9.2,98,8.7,summer
Válgame Dios,2024-07-03,24.5,13.1,100,7.8,summer
Válgame Dios,2024-07-04,23.9,2.9,100,8.7,summer
Válgame Dios,2024-07-05,25.6,4.9,96,8.9,summer
Válgame Dios,2024-07-06,25.1,22.1,100,9.0,summer
Válgame Dios,2024-07-07,22.6,16.5,100,8.4,summer
Válgame Dios,2024-07-08,24.9,5.5,100,10.4,summer
Válgame Dios,2024-07-09,26.0,3.1,98,8.8,summer
Válgame Dios,2024-07-10,26.0,1.0,91,7.2,summer
Válgame Dios,2024-07-11,25.6,1.1,95,10.1,summer
Válgame Dios,2024-07-12,24.4,18.3,100,7.8,summer
Válgame Dios,2024-07-13,22.9,0.9,100,10.1,summer
Válgame Dios,2024-07-14,24.2,5.1,94,10.8,summer
Válgame Dios,2024-07-15,24.1,11.6,100,11.0,summer
Válgame Dios,2024-07-16,24.9,5.7,100,10.7,summer
Válgame Dios,2024-07-17,25.0,6.9,93,9.2,summer
Válgame Dios,2024-07-18,25.5,12.8,96,10.5,summer
Válgame Dios,2024-07-19,24.5,9.1,99,6.9,summer
Válgame Dios,2024-07-20,24.1,18.8,99,8.4,summer
Válgame Dios,2024-07-21,24.4,10.2,98,8.4,summer
Válgame Dios,2024-07-22,24.2,11.3,100,9.2,summer
Válgame Dios,2024-07-23,23.8,9.8,99,7.5,summer
Válgame Dios,2024-07-24,24.0,1.1,100,7.8,summer
Válgame Dios,2024-07-25,24.6,0.9,100,10.8,summer
Válgame Dios,2024-07-26,25.2,1.6,100,10.8,summer
Válgame Dios,2024-07-27,24.9,9.8,99,6.8,summer
Válgame Dios,2024-07-28,23.4,6.4,97,7.1,summer
Válgame Dios,2024-07-29,24.7,0.0,100,11.0,summer
Válgame Dios,2024-07-30,25.1,2.4,95,9.4,summer
Válgame Dios,2024-07-31,24.5,12.2,99,5.5,summer
Válgame Dios,2024-08-01,24.4,16.5,100,8.6,summer
Válgame Dios,2024-08-02,24.4,12.7,100,11.0,summer
Válgame Dios,2024-08-03,24.2,4.3,100,8.7,summer
Válgame Dios,2024-08-04,25.2,3.4,100,8.1,summer
Válgame Dios,2024-08-05,25.2,9.0,99,11.6,summer
Válgame Dios,2024-08-06,23.7,8.7,99,8.5,summer
Válgame Dios,2024-08-07,24.8,8.7,99,8.6,summer
Válgame Dios,2024-08-08,24.9,0.6,98,11.0,summer
Válgame Dios,2024-08-09,25.2,2.2,91,11.2,summer
Válgame Dios,2024-08-10,25.2,2.8,99,9.5,summer
Válgame Dios,2024-08-11,23.7,8.7,99,9.5,summer
Válgame Dios,2024-08-12,24.1,2.1,99,9.2,summer
Válgame Dios,2024-08-13,23.9,0.9,99,9.2,summer
Válgame Dios,2024-08-14,23.9,8.0,98,9.9,summer
Válgame Dios,2024-08-15,23.7,5.1,100,9.2,summer
Válgame Dios,2024-08-16,24.2,1.5,97,6.5,summer
Válgame Dios,2024-08-17,24.3,9.5,99,8.0,summer
Válgame Dios,2024-08-18,24.5,2.3,98,9.0,summer
Válgame Dios,2024-08-19,24.0,4.5,100,9.0,summer
Válgame Dios,2024-08-20,24.4,0.4,95,9.2,summer
Válgame Dios,2024-08-21,25.1,6.7,98,10.0,summer
Válgame Dios,2024-08-22,25.4,1.4,100,8.2,summer
Válgame Dios,2024-08-23,24.8,2.9,99,10.4,summer
Válgame Dios,2024-08-24,24.0,4.8,98,7.4,summer
Válgame Dios,2024-08-25,24.1,0.2,99,8.4,summer
Válgame Dios,2024-08-26,25.2,2.2,100,9.2,summer
Válgame Dios,2024-08-27,25.3,3.9,100,9.2,summer
Válgame Dios,2024-08-28,24.2,0.9,99,6.1,summer
Válgame Dios,2024-08-29,24.3,4.7,99,8.6,summer
Válgame Dios,2024-08-30,23.6,4.6,99,8.5,summer
Válgame Dios,2024-08-31,23.9,8.9,100,9.6,summer
Válgame Dios,2024-09-01,23.6,6.9,100,8.7,summer
Válgame Dios,2024-09-02,23.4,0.8,100,9.2,summer
Válgame Dios,2024-09-03,24.1,6.1,100,8.3,summer
Válgame Dios,2024-09-04,24.0,15.5,100,10.2,summer
Válgame Dios,2024-09-05,24.4,1.4,100,9.1,summer
Válgame Dios,2024-09-06,25.4,1.5,99,10.0,summer
Válgame Dios,2024-09-07,26.6,0.0,82,12.5,summer
Válgame Dios,2024-09-08,25.5,0.0,80,14.8,summer
Válgame Dios,2024-09-09,25.6,0.0,86,13.1,summer
Válgame Dios,2024-09-10,24.9,0.0,95,13.2,summer
Válgame Dios,2024-09-11,25.2,0.0,88,11.5,summer
Válgame Dios,2024-09-12,24.5,2.4,99,11.4,summer
Válgame Dios,2024-09-13,21.4,30.6,100,7.2,summer
Válgame Dios,2024-09-14,20.6,22.7,100,11.9,summer
Válgame Dios,2024-09-15,23.1,0.0,100,12.2,summer
Válgame Dios,2024-09-16,22.6,0.0,98,11.3,summer
Válgame Dios,2024-09-17,22.2,0.0,93,11.9,summer
Válgame Dios,2024-09-18,22.5,0.0,93,11.4,summer
Válgame Dios,2024-09-19,23.9,0.0,91,10.4,summer
Válgame Dios,2024-09-20,23.4,0.1,95,9.4,summer
Válgame Dios,2024-09-21,23.9,0.6,100,8.7,summer
Válgame Dios,2024-09-22,25.1,0.1,100,8.9,summer
Válgame Dios,2024-09-23,26.1,0.0,98,8.0,autumn
Válgame Dios,2024-09-24,25.7,2.4,98,8.9,autumn
Válgame Dios,2024-09-25,27.7,0.9,90,12.6,autumn
Válgame Dios,2024-09-26,27.5,0.0,83,14.2,autumn
Válgame Dios,2024-09-27,27.4,0.0,71,14.1,autumn
Válgame Dios,2024-09-28,25.3,0.1,97,14.8,autumn
Válgame Dios,2024-09-29,23.8,0.9,100,14.1,autumn
Válgame Dios,2024-09-30,24.0,0.1,100,12.8,autumn
Válgame Dios,2024-10-01,23.6,0.0,100,11.9,autumn
Válgame Dios,2024-10-02,25.6,0.0,78,14.7,autumn
Válgame Dios,2024-10-03,25.4,0.1,81,12.8,autumn
Válgame Dios,2024-10-04,25.4,0.0,88,13.5,autumn
Válgame Dios,2024-10-05,25.8,0.0,82,14.8,autumn
Válgame Dios,2024-10-06,24.7,0.0,77,14.5,autumn
Válgame Dios,2024-10-07,24.0,5.0,88,13.0,autumn
Válgame Dios,2024-10-08,24.1,0.5,100,9.6,autumn
Válgame Dios,2024-10-09,24.1,0.2,99,10.8,autumn
Válgame Dios,2024-10-10,23.9,0.7,95,9.2,autumn
Válgame Dios,2024-10-11,24.1,0.7,94,9.6,autumn
Válgame Dios,2024-10-12,25.0,0.0,92,14.2,autumn
Válgame Dios,2024-10-13,23.6,0.0,91,14.3,autumn
Válgame Dios,2024-10-14,23.4,0.1,99,12.8,autumn
Válgame Dios,2024-10-15,23.1,0.0,98,10.0,autumn
Válgame Dios,2024-10-16,23.5,0.4,89,11.1,autumn
Válgame Dios,2024-10-17,22.2,0.0,94,12.5,autumn
Válgame Dios,2024-10-18,22.4,0.3,80,11.1,autumn
Válgame Dios,2024-10-19,23.0,0.0,90,12.4,autumn
Válgame Dios,2024-10-20,24.8,0.0,73,13.7,autumn
Válgame Dios,2024-10-21,26.9,0.0,56,14.4,autumn
Válgame Dios,2024-10-22,26.1,0.1,69,12.6,autumn
Válgame Dios,2024-10-23,25.5,0.0,81,12.6,autumn
Válgame Dios,2024-10-24,24.5,0.8,90,10.9,autumn
Válgame Dios,2024-10-25,25.0,0.0,98,12.6,autumn
Válgame Dios,2024-10-26,26.0,0.0,75,16.2,autumn
Válgame Dios,2024-10-27,24.8,0.0,59,15.6,autumn
Válgame Dios,2024-10-28,23.4,0.0,70,12.1,autumn
Válgame Dios,2024-10-29,22.4,0.0,77,12.1,autumn
Válgame Dios,2024-10-30,22.2,0.0,90,10.5,autumn
Válgame Dios,2024-10-31,21.5,0.0,72,13.3,autumn
Válgame Dios,2024-11-01,20.9,0.0,66,11.1,autumn
Válgame Dios,2024-11-02,20.2,0.0,67,10.9,autumn
Válgame Dios,2024-11-03,18.6,0.0,96,15.3,autumn
Válgame Dios,2024-11-04,18.9,0.2,99,13.6,autumn
Válgame Dios,2024-11-05,18.4,0.0,100,11.0,autumn
Válgame Dios,2024-11-06,17.7,0.6,100,14.5,autumn
Válgame Dios,2024-11-07,19.4,2.6,94,13.3,autumn
Válgame Dios,2024-11-08,19.8,0.0,100,12.4,autumn
Válgame Dios,2024-11-09,20.1,0.0,89,12.2,autumn
Válgame Dios,2024-11-10,21.2,0.0,80,11.0,autumn
Válgame Dios,2024-11-11,22.0,0.0,73,12.5,autumn
Válgame Dios,2024-11-12,21.2,0.0,70,11.5,autumn
Válgame Dios,2024-11-13,20.9,0.0,59,12.9,autumn
Válgame Dios,2024-11-14,20.9,0.0,57,13.7,autumn
Válgame Dios,2024-11-15,21.1,0.0,60,11.0,autumn
Válgame Dios,2024-11-16,20.3,0.3,70,11.9,autumn
Válgame Dios,2024-11-17,16.4,0.0,91,20.5,autumn
Válgame Dios,2024-11-18,15.5,0.0,100,11.6,autumn
Válgame Dios,2024-11-19,17.4,0.0,93,11.3,autumn
Válgame Dios,2024-11-20,18.9,0.0,65,13.5,autumn
Válgame Dios,2024-11-21,20.8,0.0,56,14.3,autumn
Válgame Dios,2024-11-22,22.0,0.0,67,13.3,autumn
Válgame Dios,2024-11-23,21.7,0.0,74,11.8,autumn
Válgame Dios,2024-11-24,21.9,0.0,74,10.7,autumn
Válgame Dios,2024-11-25,20.9,0.0,85,10.3,autumn
Válgame Dios,2024-11-26,21.3,0.0,78,10.8,autumn
Válgame Dios,2024-11-27,21.6,0.0,72,10.1,autumn
Válgame Dios,2024-11-28,21.6,0.0,74,11.0,autumn
Válgame Dios,2024-11-29,22.4,0.0,64,10.3,autumn
Válgame Dios,2024-11-30,22.0,0.0,61,12.0,autumn
Válgame Dios,2024-12-01,22.5,0.0,61,12.7,autumn
Válgame Dios,2024-12-02,21.8,0.0,50,12.7,autumn
Válgame Dios,2024-12-03,22.5,0.0,41,11.3,autumn
Válgame Dios,2024-12-04,21.8,0.0,42,10.5,autumn
Válgame Dios,2024-12-05,22.2,0.1,44,11.7,autumn
Válgame Dios,2024-12-06,19.9,0.0,43,12.5,autumn
Válgame Dios,2024-12-07,19.1,0.0,66,14.1,autumn
Válgame Dios,2024-12-08,17.4,0.1,91,8.7,autumn
Válgame Dios,2024-12-09,17.5,0.0,94,13.5,autumn
Válgame Dios,2024-12-10,18.6,0.0,60,13.5,autumn
Válgame Dios,2024-12-11,19.5,0.0,50,19.3,autumn
Válgame Dios,2024-12-12,18.4,0.0,95,12.4,autumn
Válgame Dios,2024-12-13,19.2,0.0,97,10.5,autumn
Válgame Dios,2024-12-14,20.1,0.0,65,14.0,autumn
Válgame Dios,2024-12-15,20.5,0.0,61,13.9,autumn
Válgame Dios,2024-12-16,19.9,0.0,66,12.7,autumn
Válgame Dios,2024-12-17,19.5,0.0,65,14.1,autumn
Válgame Dios,2024-12-18,19.8,0.0,57,14.6,autumn
Válgame Dios,2024-12-19,21.3,0.0,61,14.9,autumn
Válgame Dios,2024-12-20,21.4,0.1,63,13.2,autumn
Válgame Dios,2024-12-21,20.9,0.0,63,13.4,winter
Válgame Dios,2024-12-22,20.4,0.0,60,13.6,winter
Válgame Dios,2024-12-23,19.4,0.0,64,11.1,winter
Válgame Dios,2024-12-24,18.9,0.0,72,12.6,winter
Válgame Dios,2024-12-25,17.9,0.0,74,11.7,winter
Válgame Dios,2024-12-26,17.1,0.0,87,11.2,winter
Válgame Dios,2024-12-27,16.8,0.0,69,12.3,winter
Válgame Dios,2024-12-28,18.2,0.0,59,10.6,winter
Válgame Dios,2024-12-29,19.1,0.0,56,13.1,winter
Válgame Dios,2024-12-30,20.1,0.0,66,11.7,winter
Válgame Dios,2024-12-31,18.7,0.0,62,11.4,winter
Válgame Dios,2025-01-01,19.5,0.0,55,11.9,winter
Válgame Dios,2025-01-02,20.9,0.0,56,13.8,winter
Válgame Dios,2025-01-03,21.0,0.0,62,13.0,winter
Válgame Dios,2025-01-04,19.9,0.0,76,12.1,winter
Válgame Dios,2025-01-05,18.1,0.0,82,10.7,winter
Válgame Dios,2025-01-06,18.4,0.0,84,12.9,winter
Válgame Dios,2025-01-07,18.3,0.0,70,15.1,winter
Válgame Dios,2025-01-08,15.8,40.1,100,21.1,winter
Válgame Dios,2025-01-09,11.3,27.6,100,15.0,winter
Válgame Dios,2025-01-10,10.2,0.0,92,18.7,winter
Válgame Dios,2025-01-11,10.5,0.0,83,18.6,winter
Válgame Dios,2025-01-12,11.5,0.0,89,10.0,winter
Válgame Dios,2025-01-13,13.1,0.0,90,11.7,winter
Válgame Dios,2025-01-14,14.9,0.0,88,12.2,winter
Válgame Dios,2025-01-15,16.2,0.0,96,10.9,winter
Válgame Dios,2025-01-16,18.6,0.0,69,8.5,winter
Válgame Dios,2025-01-17,17.6,11.3,91,12.7,winter
Válgame Dios,2025-01-18,16.0,0.0,83,10.5,winter
Válgame Dios,2025-01-19,14.9,0.0,70,13.3,winter
Válgame Dios,2025-01-20,15.5,0.0,66,11.9,winter
Válgame Dios,2025-01-21,15.7,0.0,76,11.3,winter
Válgame Dios,2025-01-22,14.7,0.0,64,16.5,winter
Válgame Dios,2025-01-23,17.4,0.0,54,10.4,winter
Válgame Dios,2025-01-24,16.6,0.0,56,16.2,winter
Válgame Dios,2025-01-25,16.0,0.0,65,13.7,winter
Válgame Dios,2025-01-26,18.1,0.0,65,11.2,winter
Válgame Dios,2025-01-27,18.6,0.0,69,9.3,winter
Válgame Dios,2025-01-28,16.9,0.0,73,12.3,winter
Válgame Dios,2025-01-29,15.4,0.0,65,14.2,winter
Válgame Dios,2025-01-30,14.6,0.0,59,10.5,winter
Válgame Dios,2025-01-31,14.9,0.0,47,14.3,winter
Válgame Dios,2025-02-01,16.1,0.0,48,15.6,winter
Válgame Dios,2025-02-02,18.1,0.0,47,14.0,winter
Válgame Dios,2025-02-03,19.5,0.0,55,13.2,winter
Válgame Dios,2025-02-04,18.9,0.0,61,12.0,winter
Válgame Dios,2025-02-05,19.3,0.0,67,11.2,winter
Válgame Dios,2025-02-06,19.9,0.0,70,10.2,winter
Válgame Dios,2025-02-07,21.4,0.0,72,12.8,winter
Válgame Dios,2025-02-08,21.8,0.0,74,12.2,winter
Válgame Dios,2025-02-09,19.7,0.0,86,10.3,winter
Válgame Dios,2025-02-10,20.5,0.0,63,13.0,winter
Válgame Dios,2025-02-11,17.1,0.3,75,9.4,winter
Válgame Dios,2025-02-12,17.0,0.0,73,13.4,winter
Válgame Dios,2025-02-13,16.8,0.0,63,11.6,winter
Válgame Dios,2025-02-14,19.1,0.0,66,11.6,winter
Válgame Dios,2025-02-15,19.3,0.0,69,11.3,winter
Válgame Dios,2025-02-16,18.8,0.0,70,13.1,winter
Válgame Dios,2025-02-17,19.1,0.0,76,13.7,winter
Válgame Dios,2025-02-18,19.4,0.0,64,12.1,winter
Válgame Dios,2025-02-19,19.9,0.0,58,11.2,winter
Válgame Dios,2025-02-20,19.6,0.0,54,12.3,winter
Válgame Dios,2025-02-21,20.1,0.0,53,14.0,winter
Válgame Dios,2025-02-22,21.0,0.0,48,12.0,winter
Válgame Dios,2025-02-23,19.6,0.0,45,12.4,winter
Válgame Dios,2025-02-24,20.7,0.0,43,16.8,winter
Válgame Dios,2025-02-25,22.4,0.0,59,13.3,winter
Válgame Dios,2025-02-26,20.8,0.0,63,12.3,winter
Válgame Dios,2025-02-27,21.4,0.0,66,10.8,winter
Válgame Dios,2025-02-28,22.2,0.0,57,11.7,winter
Válgame Dios,2025-03-01,21.4,0.0,59,12.1,winter
Válgame Dios,2025-03-02,22.0,0.0,61,11.9,winter
Válgame Dios,2025-03-03,21.3,0.0,51,15.3,winter
Válgame Dios,2025-03-04,19.2,0.0,50,9.9,winter
Válgame Dios,2025-03-05,20.8,0.0,42,13.7,winter
Válgame Dios,2025-03-06,20.0,0.0,54,15.0,winter
Válgame Dios,2025-03-07,18.9,0.7,70,17.9,winter
Válgame Dios,2025-03-08,16.8,0.0,62,12.6,winter
Válgame Dios,2025-03-09,16.8,0.0,48,14.9,winter
Válgame Dios,2025-03-10,16.8,0.0,51,14.7,winter
Válgame Dios,2025-03-11,18.6,0.0,60,13.0,winter
Válgame Dios,2025-03-12,20.6,0.0,48,11.9,winter
Válgame Dios,2025-03-13,20.5,0.0,47,15.4,winter
Válgame Dios,2025-03-14,18.4,0.0,84,16.5,winter
Válgame Dios,2025-03-15,16.2,0.0,86,13.6,winter
Válgame Dios,2025-03-16,20.1,0.0,48,14.9,winter
Válgame Dios,2025-03-17,21.6,0.0,63,13.9,winter
Válgame Dios,2025-03-18,20.9,0.0,74,13.0,winter
Válgame Dios,2025-03-19,21.9,0.0,46,11.1,winter
Válgame Dios,2025-03-20,21.9,0.0,43,16.5,winter
Válgame Dios,2025-03-21,21.8,0.0,54,12.2,spring
Válgame Dios,2025-03-22,21.4,0.0,61,13.5,spring
Válgame Dios,2025-03-23,22.9,0.0,41,12.8,spring
Válgame Dios,2025-03-24,22.9,0.0,29,14.2,spring
Válgame Dios,2025-03-25,23.4,0.0,39,13.2,spring
Válgame Dios,2025-03-26,23.8,0.0,47,14.8,spring
Válgame Dios,2025-03-27,21.2,0.0,53,14.2,spring
Válgame Dios,2025-03-28,21.1,0.0,57,14.9,spring
Válgame Dios,2025-03-29,21.4,0.0,53,12.7,spring
Válgame Dios,2025-03-30,22.1,0.0,53,13.4,spring
Válgame Dios,2025-03-31,23.6,0.0,42,13.1,spring
Válgame Dios,2025-04-01,23.8,0.0,57,13.9,spring
Válgame Dios,2025-04-02,21.1,0.0,68,17.3,spring
Válgame Dios,2025-04-03,19.1,0.0,96,22.5,spring
Válgame Dios,2025-04-04,16.7,0.0,97,24.1,spring
Válgame Dios,2025-04-05,15.8,0.0,96,15.1,spring
Válgame Dios,2025-04-06,16.9,0.0,51,11.3,spring
Válgame Dios,2025-04-07,19.6,0.0,43,16.0,spring
Válgame Dios,2025-04-08,21.4,0.0,35,15.4,spring
Válgame Dios,2025-04-09,22.0,0.0,49,13.2,spring
Válgame Dios,2025-04-10,23.8,0.0,48,13.8,spring
Válgame Dios,2025-04-11,25.0,0.0,32,16.2,spring
Válgame Dios,2025-04-12,24.8,0.0,47,14.7,spring
Válgame Dios,2025-04-13,25.0,0.0,53,13.4,spring
Válgame Dios,2025-04-14,26.0,0.0,43,15.4,spring
Válgame Dios,2025-04-15,27.4,0.0,42,14.4,spring
Válgame Dios,2025-04-16,26.6,0.0,67,14.8,spring
Válgame Dios,2025-04-17,25.6,0.0,80,14.2,spring
Válgame Dios,2025-04-18,23.4,0.0,49,11.3,spring
Válgame Dios,2025-04-19,23.0,0.0,55,15.7,spring
Válgame Dios,2025-04-20,22.1,0.0,38,13.9,spring
Válgame Dios,2025-04-21,22.2,0.0,39,13.1,spring
Válgame Dios,2025-04-22,22.8,0.0,46,12.2,spring
Válgame Dios,2025-04-23,22.5,0.0,43,14.1,spring
Válgame Dios,2025-04-24,23.2,0.0,61,13.4,spring
Válgame Dios,2025-04-25,22.8,0.0,70,12.6,spring
Válgame Dios,2025-04-26,26.4,0.0,45,13.8,spring
Válgame Dios,2025-04-27,25.9,0.0,42,11.4,spring
Válgame Dios,2025-04-28,25.5,0.0,48,13.1,spring
Válgame Dios,2025-04-29,23.9,0.0,45,14.6,spring
Válgame Dios,2025-04-30,23.3,0.0,49,13.7,spring
Válgame Dios,2025-05-01,23.3,0.0,40,14.4,spring
Válgame Dios,2025-05-02,24.0,0.0,38,14.4,spring
Válgame Dios,2025-05-03,24.4,0.0,41,14.2,spring
Válgame Dios,2025-05-04,23.3,0.0,59,18.0,spring
Válgame Dios,2025-05-05,20.0,0.0,95,22.6,spring
Válgame Dios,2025-05-06,18.9,0.0,98,17.3,spring
Válgame Dios,2025-05-07,21.7,0.0,59,14.1,spring
Válgame Dios,2025-05-08,23.9,0.0,52,13.0,spring
Válgame Dios,2025-05-09,25.6,0.0,48,14.5,spring
Válgame Dios,2025-05-10,26.7,0.0,51,15.5,spring
Válgame Dios,2025-05-11,26.4,0.1,62,15.1,spring
Válgame Dios,2025-05-12,25.3,0.0,69,12.4,spring
Válgame Dios,2025-05-13,25.4,0.0,43,12.9,spring
Válgame Dios,2025-05-14,25.8,0.0,42,13.3,spring
Válgame Dios,2025-05-15,26.1,0,42,14.0,spring
Válgame Dios,2025-05-16,NA,0,NA,NA,spring
Válgame Dios,2025-05-17,NA,0,NA,NA,spring
Xbox,2024-05-17,33.3,0.1,88,24.7,spring
Xbox,2024-05-18,33.2,0.3,86,21.9,spring
Xbox,2024-05-19,33.0,0.1,88,13.8,spring
Xbox,2024-05-20,32.6,0.0,83,18.9,spring
Xbox,2024-05-21,32.0,0.0,91,15.1,spring
Xbox,2024-05-22,32.1,0.0,93,17.8,spring
Xbox,2024-05-23,32.2,0.0,90,20.1,spring
Xbox,2024-05-24,31.9,0.0,89,20.7,spring
Xbox,2024-05-25,32.1,0.0,87,20.2,spring
Xbox,2024-05-26,32.5,0.0,87,19.5,spring
Xbox,2024-05-27,33.5,0.0,87,19.4,spring
Xbox,2024-05-28,32.8,0.0,93,20.0,spring
Xbox,2024-05-29,31.9,0.0,97,18.2,spring
Xbox,2024-05-30,32.2,0.0,94,18.4,spring
Xbox,2024-05-31,32.0,0.0,90,19.3,spring
Xbox,2024-06-01,32.0,0.1,88,18.2,spring
Xbox,2024-06-02,32.1,2.0,89,18.9,spring
Xbox,2024-06-03,32.3,0.0,93,23.3,spring
Xbox,2024-06-04,32.6,0.0,86,17.1,spring
Xbox,2024-06-05,32.8,0.0,88,18.4,spring
Xbox,2024-06-06,33.0,0.1,93,14.2,spring
Xbox,2024-06-07,33.0,1.2,92,14.2,spring
Xbox,2024-06-08,32.3,19.7,100,17.6,spring
Xbox,2024-06-09,31.2,3.3,98,13.3,spring
Xbox,2024-06-10,31.4,16.5,99,21.1,spring
Xbox,2024-06-11,30.7,19.8,100,10.8,spring
Xbox,2024-06-12,30.4,5.1,99,12.1,spring
Xbox,2024-06-13,30.0,21.2,100,7.6,spring
Xbox,2024-06-14,28.2,20.4,100,8.8,spring
Xbox,2024-06-15,27.0,20.4,100,14.4,spring
Xbox,2024-06-16,27.2,8.5,100,20.5,spring
Xbox,2024-06-17,27.4,25.5,100,15.7,spring
Xbox,2024-06-18,26.1,24.2,100,18.1,spring
Xbox,2024-06-19,27.7,0.5,99,18.3,spring
Xbox,2024-06-20,27.0,23.5,99,26.1,spring
Xbox,2024-06-21,24.9,18.6,100,16.9,summer
Xbox,2024-06-22,26.9,20.5,100,14.9,summer
Xbox,2024-06-23,25.9,21.6,100,12.3,summer
Xbox,2024-06-24,27.1,13.6,100,12.1,summer
Xbox,2024-06-25,28.0,14.4,99,11.7,summer
Xbox,2024-06-26,28.2,1.0,100,12.0,summer
Xbox,2024-06-27,28.3,3.4,99,13.8,summer
Xbox,2024-06-28,28.9,5.2,98,16.0,summer
Xbox,2024-06-29,25.5,13.0,100,22.9,summer
Xbox,2024-06-30,28.9,0.0,95,21.3,summer
Xbox,2024-07-01,28.4,16.3,99,12.1,summer
Xbox,2024-07-02,28.0,7.8,100,14.1,summer
Xbox,2024-07-03,29.1,0.1,99,11.0,summer
Xbox,2024-07-04,28.6,11.3,99,12.2,summer
Xbox,2024-07-05,26.8,2.8,98,24.4,summer
Xbox,2024-07-06,28.2,0.6,100,13.0,summer
Xbox,2024-07-07,28.9,3.3,100,16.2,summer
Xbox,2024-07-08,28.1,2.6,99,20.3,summer
Xbox,2024-07-09,29.5,0.1,95,16.6,summer
Xbox,2024-07-10,29.4,0.0,98,13.6,summer
Xbox,2024-07-11,29.0,14.4,96,13.2,summer
Xbox,2024-07-12,29.0,1.2,99,22.2,summer
Xbox,2024-07-13,29.0,0.1,99,15.1,summer
Xbox,2024-07-14,29.0,14.9,98,11.8,summer
Xbox,2024-07-15,28.6,1.4,100,12.0,summer
Xbox,2024-07-16,27.5,3.6,100,12.8,summer
Xbox,2024-07-17,28.5,0.2,99,14.2,summer
Xbox,2024-07-18,28.4,4.6,99,10.5,summer
Xbox,2024-07-19,27.9,5.9,99,13.8,summer
Xbox,2024-07-20,28.4,9.8,98,13.3,summer
Xbox,2024-07-21,26.9,18.0,100,11.4,summer
Xbox,2024-07-22,27.0,7.6,100,12.9,summer
Xbox,2024-07-23,29.6,0.0,99,14.0,summer
Xbox,2024-07-24,28.7,0.5,99,16.4,summer
Xbox,2024-07-25,28.8,4.3,98,12.1,summer
Xbox,2024-07-26,28.4,1.3,97,10.5,summer
Xbox,2024-07-27,29.3,0.2,99,12.8,summer
Xbox,2024-07-28,27.6,3.2,93,18.7,summer
Xbox,2024-07-29,29.6,0.3,96,16.6,summer
Xbox,2024-07-30,29.9,0.0,99,13.7,summer
Xbox,2024-07-31,29.8,0.2,96,10.7,summer
Xbox,2024-08-01,29.6,10.1,100,12.0,summer
Xbox,2024-08-02,28.6,2.8,99,13.5,summer
Xbox,2024-08-03,28.8,8.0,100,20.9,summer
Xbox,2024-08-04,28.5,2.1,100,8.6,summer
Xbox,2024-08-05,29.0,1.2,100,9.0,summer
Xbox,2024-08-06,29.4,0.6,98,7.0,summer
Xbox,2024-08-07,29.4,4.2,100,11.3,summer
Xbox,2024-08-08,29.5,1.1,100,8.8,summer
Xbox,2024-08-09,29.0,1.7,98,16.2,summer
Xbox,2024-08-10,28.7,10.6,99,14.6,summer
Xbox,2024-08-11,28.6,2.2,100,14.9,summer
Xbox,2024-08-12,29.0,1.9,99,10.1,summer
Xbox,2024-08-13,28.8,9.4,99,13.1,summer
Xbox,2024-08-14,29.0,17.1,99,12.4,summer
Xbox,2024-08-15,29.0,6.3,100,17.3,summer
Xbox,2024-08-16,28.9,0.4,100,7.7,summer
Xbox,2024-08-17,29.5,0.6,98,15.5,summer
Xbox,2024-08-18,29.5,0.4,98,18.5,summer
Xbox,2024-08-19,29.1,1.0,96,13.8,summer
Xbox,2024-08-20,28.4,1.8,99,9.8,summer
Xbox,2024-08-21,28.3,12.4,100,18.9,summer
Xbox,2024-08-22,28.2,0.9,100,12.2,summer
Xbox,2024-08-23,28.9,1.5,96,13.7,summer
Xbox,2024-08-24,28.9,4.3,100,11.0,summer
Xbox,2024-08-25,27.2,2.6,100,10.4,summer
Xbox,2024-08-26,28.5,2.9,100,11.0,summer
Xbox,2024-08-27,28.6,3.0,99,10.0,summer
Xbox,2024-08-28,29.0,5.6,100,23.1,summer
Xbox,2024-08-29,27.8,11.1,99,11.2,summer
Xbox,2024-08-30,28.2,4.1,99,12.1,summer
Xbox,2024-08-31,28.8,6.8,100,12.0,summer
Xbox,2024-09-01,29.0,3.4,100,10.7,summer
Xbox,2024-09-02,26.9,8.8,100,9.5,summer
Xbox,2024-09-03,27.3,13.5,100,10.5,summer
Xbox,2024-09-04,29.1,3.9,99,13.5,summer
Xbox,2024-09-05,29.0,1.0,99,14.2,summer
Xbox,2024-09-06,27.6,15.6,97,14.5,summer
Xbox,2024-09-07,27.9,2.9,98,17.4,summer
Xbox,2024-09-08,29.6,3.8,98,14.5,summer
Xbox,2024-09-09,28.8,0.7,98,13.8,summer
Xbox,2024-09-10,29.6,0.5,98,13.2,summer
Xbox,2024-09-11,29.8,1.9,98,10.3,summer
Xbox,2024-09-12,29.9,0.0,99,12.9,summer
Xbox,2024-09-13,30.4,0.0,98,12.0,summer
Xbox,2024-09-14,30.3,0.4,98,14.1,summer
Xbox,2024-09-15,30.6,6.5,99,12.0,summer
Xbox,2024-09-16,29.9,8.3,99,17.9,summer
Xbox,2024-09-17,29.5,11.4,99,14.1,summer
Xbox,2024-09-18,29.0,2.2,100,13.3,summer
Xbox,2024-09-19,29.4,8.6,100,15.3,summer
Xbox,2024-09-20,28.5,8.1,99,9.7,summer
Xbox,2024-09-21,27.8,18.5,99,16.7,summer
Xbox,2024-09-22,27.6,2.2,99,11.9,summer
Xbox,2024-09-23,28.6,3.2,99,20.3,autumn
Xbox,2024-09-24,28.6,6.8,99,13.7,autumn
Xbox,2024-09-25,25.8,15.8,99,19.7,autumn
Xbox,2024-09-26,28.4,2.7,97,20.2,autumn
Xbox,2024-09-27,28.6,0.4,98,10.9,autumn
Xbox,2024-09-28,28.4,3.8,100,9.3,autumn
Xbox,2024-09-29,28.1,0.6,100,11.8,autumn
Xbox,2024-09-30,27.0,10.8,99,11.3,autumn
Xbox,2024-10-01,27.1,4.9,100,13.3,autumn
Xbox,2024-10-02,27.9,12.5,99,11.9,autumn
Xbox,2024-10-03,27.9,2.4,98,11.9,autumn
Xbox,2024-10-04,28.1,13.8,99,10.3,autumn
Xbox,2024-10-05,27.4,12.2,100,12.0,autumn
Xbox,2024-10-06,27.6,9.7,100,6.7,autumn
Xbox,2024-10-07,27.5,1.5,99,23.1,autumn
Xbox,2024-10-08,26.3,3.7,94,28.7,autumn
Xbox,2024-10-09,27.2,0.0,93,18.6,autumn
Xbox,2024-10-10,26.1,0.6,99,16.6,autumn
Xbox,2024-10-11,25.7,0.3,99,10.4,autumn
Xbox,2024-10-12,25.8,0.1,91,14.1,autumn
Xbox,2024-10-13,26.6,0.0,98,12.2,autumn
Xbox,2024-10-14,27.3,2.7,100,13.4,autumn
Xbox,2024-10-15,27.1,1.0,100,13.2,autumn
Xbox,2024-10-16,25.8,9.6,100,15.1,autumn
Xbox,2024-10-17,26.5,1.7,100,17.3,autumn
Xbox,2024-10-18,26.8,16.3,98,18.3,autumn
Xbox,2024-10-19,25.0,13.1,100,17.6,autumn
Xbox,2024-10-20,25.5,5.0,98,17.9,autumn
Xbox,2024-10-21,26.5,1.1,97,14.4,autumn
Xbox,2024-10-22,26.4,0.0,98,12.1,autumn
Xbox,2024-10-23,25.8,0.8,97,11.9,autumn
Xbox,2024-10-24,25.9,0.0,96,13.0,autumn
Xbox,2024-10-25,26.1,0.0,88,10.8,autumn
Xbox,2024-10-26,26.2,4.2,98,14.0,autumn
Xbox,2024-10-27,26.2,0.0,98,9.8,autumn
Xbox,2024-10-28,26.5,0.1,96,13.1,autumn
Xbox,2024-10-29,25.9,34.4,100,13.2,autumn
Xbox,2024-10-30,25.5,13.9,100,12.6,autumn
Xbox,2024-10-31,26.4,3.7,99,12.3,autumn
Xbox,2024-11-01,25.8,2.8,98,12.9,autumn
Xbox,2024-11-02,25.5,0.0,97,11.6,autumn
Xbox,2024-11-03,26.8,0.4,99,11.9,autumn
Xbox,2024-11-04,26.0,2.0,98,14.2,autumn
Xbox,2024-11-05,26.8,0.0,99,10.4,autumn
Xbox,2024-11-06,26.0,0.0,100,13.2,autumn
Xbox,2024-11-07,25.9,3.2,98,10.3,autumn
Xbox,2024-11-08,26.3,0.6,100,7.9,autumn
Xbox,2024-11-09,27.2,0.9,100,6.6,autumn
Xbox,2024-11-10,27.2,2.5,100,8.6,autumn
Xbox,2024-11-11,26.9,0.2,100,10.8,autumn
Xbox,2024-11-12,27.0,0.0,98,14.5,autumn
Xbox,2024-11-13,27.8,2.9,99,9.2,autumn
Xbox,2024-11-14,27.4,8.3,100,14.5,autumn
Xbox,2024-11-15,27.6,4.3,100,16.7,autumn
Xbox,2024-11-16,27.4,1.3,99,14.5,autumn
Xbox,2024-11-17,26.3,4.4,99,23.9,autumn
Xbox,2024-11-18,26.9,4.5,99,20.6,autumn
Xbox,2024-11-19,28.7,9.0,100,17.5,autumn
Xbox,2024-11-20,26.6,8.0,100,15.8,autumn
Xbox,2024-11-21,24.5,0.0,93,15.8,autumn
Xbox,2024-11-22,22.2,0.0,94,14.8,autumn
Xbox,2024-11-23,21.9,0.0,90,10.4,autumn
Xbox,2024-11-24,22.5,0.0,94,13.3,autumn
Xbox,2024-11-25,23.9,0.0,97,12.8,autumn
Xbox,2024-11-26,24.9,0.0,99,10.3,autumn
Xbox,2024-11-27,25.1,0.0,100,10.4,autumn
Xbox,2024-11-28,26.3,0.0,100,7.7,autumn
Xbox,2024-11-29,25.6,0.0,98,12.8,autumn
Xbox,2024-11-30,25.3,0.0,100,10.1,autumn
Xbox,2024-12-01,25.4,0.6,99,11.9,autumn
Xbox,2024-12-02,24.6,0.0,97,14.3,autumn
Xbox,2024-12-03,24.3,0.0,88,14.3,autumn
Xbox,2024-12-04,23.4,0.0,80,14.8,autumn
Xbox,2024-12-05,22.6,0.0,91,11.1,autumn
Xbox,2024-12-06,23.6,0.0,95,12.7,autumn
Xbox,2024-12-07,25.1,0.0,97,13.3,autumn
Xbox,2024-12-08,25.4,0.0,92,14.3,autumn
Xbox,2024-12-09,25.4,0.0,96,10.9,autumn
Xbox,2024-12-10,26.6,0.3,99,13.8,autumn
Xbox,2024-12-11,24.7,3.7,100,17.3,autumn
Xbox,2024-12-12,24.3,0.0,70,14.5,autumn
Xbox,2024-12-13,23.0,0.4,96,12.0,autumn
Xbox,2024-12-14,25.3,0.0,99,13.2,autumn
Xbox,2024-12-15,25.5,0.0,98,15.2,autumn
Xbox,2024-12-16,24.0,1.9,98,15.6,autumn
Xbox,2024-12-17,26.7,0.1,99,14.8,autumn
Xbox,2024-12-18,26.6,7.0,100,12.2,autumn
Xbox,2024-12-19,26.9,0.6,100,14.4,autumn
Xbox,2024-12-20,25.6,0.0,99,14.5,autumn
Xbox,2024-12-21,22.1,0.0,97,10.1,winter
Xbox,2024-12-22,22.5,0.0,91,11.3,winter
Xbox,2024-12-23,23.1,0.0,98,11.9,winter
Xbox,2024-12-24,23.1,0.0,93,9.3,winter
Xbox,2024-12-25,23.9,0.0,94,9.6,winter
Xbox,2024-12-26,23.6,2.6,99,12.1,winter
Xbox,2024-12-27,24.9,5.3,100,10.8,winter
Xbox,2024-12-28,27.1,1.3,100,12.9,winter
Xbox,2024-12-29,27.2,0.5,100,11.5,winter
Xbox,2024-12-30,26.9,0.0,100,9.3,winter
Xbox,2024-12-31,26.9,0.0,100,11.7,winter
Xbox,2025-01-01,26.2,8.4,100,16.7,winter
Xbox,2025-01-02,25.9,0.0,99,12.7,winter
Xbox,2025-01-03,24.8,0.0,93,14.7,winter
Xbox,2025-01-04,23.1,0.0,96,15.5,winter
Xbox,2025-01-05,23.4,0.0,91,14.9,winter
Xbox,2025-01-06,24.8,8.3,100,10.1,winter
Xbox,2025-01-07,24.5,0.1,99,14.8,winter
Xbox,2025-01-08,23.4,0.0,89,13.2,winter
Xbox,2025-01-09,22.4,0.0,95,12.7,winter
Xbox,2025-01-10,24.1,0.0,93,16.3,winter
Xbox,2025-01-11,24.8,0.0,99,12.6,winter
Xbox,2025-01-12,26.5,0.2,99,14.0,winter
Xbox,2025-01-13,27.0,2.9,99,14.8,winter
Xbox,2025-01-14,26.8,1.5,100,12.2,winter
Xbox,2025-01-15,26.6,0.5,100,12.0,winter
Xbox,2025-01-16,26.8,0.0,99,12.5,winter
Xbox,2025-01-17,26.4,0.1,98,7.5,winter
Xbox,2025-01-18,26.1,0.0,99,15.9,winter
Xbox,2025-01-19,27.0,0.7,98,12.6,winter
Xbox,2025-01-20,25.2,4.1,98,17.2,winter
Xbox,2025-01-21,26.3,13.8,99,12.1,winter
Xbox,2025-01-22,22.4,0.2,98,21.1,winter
Xbox,2025-01-23,21.2,0.0,86,14.8,winter
Xbox,2025-01-24,22.4,0.0,82,17.5,winter
Xbox,2025-01-25,22.2,0.0,91,16.4,winter
Xbox,2025-01-26,21.2,0.0,90,12.2,winter
Xbox,2025-01-27,24.4,1.5,98,9.9,winter
Xbox,2025-01-28,26.0,0.0,100,10.7,winter
Xbox,2025-01-29,26.1,0.0,99,14.5,winter
Xbox,2025-01-30,27.4,0.1,96,21.0,winter
Xbox,2025-01-31,28.3,0.2,94,17.4,winter
Xbox,2025-02-01,27.1,3.4,100,12.4,winter
Xbox,2025-02-02,26.8,0.0,99,12.0,winter
Xbox,2025-02-03,26.3,0.1,99,13.6,winter
Xbox,2025-02-04,27.0,0.0,99,16.3,winter
Xbox,2025-02-05,26.7,0.1,95,11.9,winter
Xbox,2025-02-06,26.6,0.0,99,12.1,winter
Xbox,2025-02-07,26.3,0.0,99,13.4,winter
Xbox,2025-02-08,26.1,0.0,98,11.4,winter
Xbox,2025-02-09,27.1,0.0,99,12.8,winter
Xbox,2025-02-10,27.4,0.1,99,14.9,winter
Xbox,2025-02-11,25.8,1.8,99,16.2,winter
Xbox,2025-02-12,28.0,0.0,93,21.0,winter
Xbox,2025-02-13,28.8,0.0,92,20.9,winter
Xbox,2025-02-14,26.9,1.8,97,19.4,winter
Xbox,2025-02-15,27.8,0.0,98,15.6,winter
Xbox,2025-02-16,27.6,0.2,98,16.0,winter
Xbox,2025-02-17,26.7,1.9,98,14.6,winter
Xbox,2025-02-18,27.3,0.0,96,17.4,winter
Xbox,2025-02-19,28.1,0.5,96,17.5,winter
Xbox,2025-02-20,27.0,14.9,99,15.7,winter
Xbox,2025-02-21,24.5,9.2,99,17.5,winter
Xbox,2025-02-22,25.9,0.0,89,16.3,winter
Xbox,2025-02-23,25.8,1.2,99,11.5,winter
Xbox,2025-02-24,26.6,1.6,100,15.7,winter
Xbox,2025-02-25,22.9,0.0,99,11.5,winter
Xbox,2025-02-26,23.6,0.0,91,8.4,winter
Xbox,2025-02-27,25.1,0.0,94,12.1,winter
Xbox,2025-02-28,25.8,0.0,93,15.8,winter
Xbox,2025-03-01,26.1,0.0,95,16.0,winter
Xbox,2025-03-02,26.4,0.0,94,14.2,winter
Xbox,2025-03-03,27.2,0.0,92,14.9,winter
Xbox,2025-03-04,27.4,0.0,91,20.7,winter
Xbox,2025-03-05,28.5,0.0,94,24.7,winter
Xbox,2025-03-06,28.1,0.3,84,12.9,winter
Xbox,2025-03-07,28.6,0.0,84,15.9,winter
Xbox,2025-03-08,29.5,0.0,99,19.6,winter
Xbox,2025-03-09,29.9,0.4,99,17.8,winter
Xbox,2025-03-10,26.6,2.4,95,18.0,winter
Xbox,2025-03-11,25.2,0.0,91,14.9,winter
Xbox,2025-03-12,27.1,0.0,85,17.3,winter
Xbox,2025-03-13,29.6,0.1,97,16.5,winter
Xbox,2025-03-14,29.4,0.0,99,18.7,winter
Xbox,2025-03-15,31.1,0.0,89,26.0,winter
Xbox,2025-03-16,31.4,1.3,96,23.5,winter
Xbox,2025-03-17,27.4,0.0,84,18.5,winter
Xbox,2025-03-18,25.5,0.0,76,17.1,winter
Xbox,2025-03-19,26.6,0.0,82,16.4,winter
Xbox,2025-03-20,27.6,0.0,96,21.8,winter
Xbox,2025-03-21,26.1,0.0,81,14.5,spring
Xbox,2025-03-22,27.6,0.0,98,15.9,spring
Xbox,2025-03-23,28.1,0.4,91,19.3,spring
Xbox,2025-03-24,30.5,0.0,97,19.6,spring
Xbox,2025-03-25,29.4,1.2,98,19.3,spring
Xbox,2025-03-26,28.5,0.0,99,16.9,spring
Xbox,2025-03-27,28.7,0.0,94,17.2,spring
Xbox,2025-03-28,29.6,0.0,82,23.8,spring
Xbox,2025-03-29,30.0,0.3,87,18.5,spring
Xbox,2025-03-30,30.4,0.0,93,18.7,spring
Xbox,2025-03-31,30.5,0.0,94,16.7,spring
Xbox,2025-04-01,30.6,0.0,92,20.4,spring
Xbox,2025-04-02,31.0,0.0,85,24.6,spring
Xbox,2025-04-03,31.5,0.0,82,24.9,spring
Xbox,2025-04-04,31.2,0.0,80,27.5,spring
Xbox,2025-04-05,31.4,0.0,79,28.1,spring
Xbox,2025-04-06,31.0,0.2,79,22.0,spring
Xbox,2025-04-07,30.8,1.3,94,24.8,spring
Xbox,2025-04-08,26.5,0.0,80,20.2,spring
Xbox,2025-04-09,25.1,0.0,75,15.5,spring
Xbox,2025-04-10,24.8,0.0,73,16.1,spring
Xbox,2025-04-11,25.9,0.0,74,22.6,spring
Xbox,2025-04-12,25.4,0.0,91,17.5,spring
Xbox,2025-04-13,26.2,0.0,90,13.9,spring
Xbox,2025-04-14,27.0,0.0,79,14.6,spring
Xbox,2025-04-15,27.5,0.1,89,19.9,spring
Xbox,2025-04-16,29.0,0.0,88,16.7,spring
Xbox,2025-04-17,28.2,0.0,87,17.9,spring
Xbox,2025-04-18,28.8,0.0,88,21.3,spring
Xbox,2025-04-19,29.3,0.0,85,22.8,spring
Xbox,2025-04-20,29.5,0.0,80,20.5,spring
Xbox,2025-04-21,30.2,0.0,84,17.4,spring
Xbox,2025-04-22,29.5,0.1,89,19.3,spring
Xbox,2025-04-23,29.6,0.4,82,18.8,spring
Xbox,2025-04-24,29.6,0.0,88,17.3,spring
Xbox,2025-04-25,28.4,0.1,89,14.5,spring
Xbox,2025-04-26,28.5,2.1,94,20.2,spring
Xbox,2025-04-27,28.8,0.4,88,13.7,spring
Xbox,2025-04-28,28.8,0.0,92,15.9,spring
Xbox,2025-04-29,29.5,0.0,90,16.7,spring
Xbox,2025-04-30,29.2,0.0,91,16.4,spring
Xbox,2025-05-01,29.2,0.0,93,16.0,spring
Xbox,2025-05-02,29.9,0.0,91,18.4,spring
Xbox,2025-05-03,31.2,0.0,88,17.4,spring
Xbox,2025-05-04,31.6,0.0,91,15.5,spring
Xbox,2025-05-05,32.1,0.0,92,17.1,spring
Xbox,2025-05-06,32.2,0.0,89,20.6,spring
Xbox,2025-05-07,32.6,0.0,87,20.7,spring
Xbox,2025-05-08,32.6,0.1,88,18.8,spring
Xbox,2025-05-09,32.0,0.1,88,17.4,spring
Xbox,2025-05-10,28.9,24.3,99,16.9,spring
Xbox,2025-05-11,27.7,2.1,99,9.8,spring
Xbox,2025-05-12,27.2,0.0,93,15.1,spring
Xbox,2025-05-13,28.6,0.0,82,17.1,spring
Xbox,2025-05-14,31.2,0.5,91,15.3,spring
Xbox,2025-05-15,31.0,0,95,20.1,spring
Xbox,2025-05-16,NA,0,NA,NA,spring
Xbox,2025-05-17,NA,0,NA,NA,spring
Naco,2024-05-17,20.7,0.0,36,17.9,spring
Naco,2024-05-18,23.4,0.0,46,20.1,spring
Naco,2024-05-19,22.9,0.0,26,20.8,spring
Naco,2024-05-20,22.9,0.0,31,39.1,spring
Naco,2024-05-21,21.6,0.0,44,24.3,spring
Naco,2024-05-22,20.4,0.0,27,26.3,spring
Naco,2024-05-23,19.8,0.0,26,27.4,spring
Naco,2024-05-24,21.1,0.0,19,24.1,spring
Naco,2024-05-25,20.8,0.0,24,30.4,spring
Naco,2024-05-26,21.1,0.0,37,24.7,spring
Naco,2024-05-27,23.1,0.0,23,25.3,spring
Naco,2024-05-28,24.8,0.0,20,26.0,spring
Naco,2024-05-29,22.8,0.0,24,21.5,spring
Naco,2024-05-30,23.2,0.0,20,21.8,spring
Naco,2024-05-31,23.9,0.0,18,20.2,spring
Naco,2024-06-01,24.6,0.0,31,21.9,spring
Naco,2024-06-02,23.0,0.0,29,22.5,spring
Naco,2024-06-03,23.1,0.0,43,23.8,spring
Naco,2024-06-04,23.9,0.0,36,21.9,spring
Naco,2024-06-05,25.5,0.0,37,12.7,spring
Naco,2024-06-06,28.0,0.0,40,17.6,spring
Naco,2024-06-07,28.2,0.0,27,20.6,spring
Naco,2024-06-08,26.2,0.0,25,22.8,spring
Naco,2024-06-09,26.8,0.0,40,24.1,spring
Naco,2024-06-10,25.0,0.0,45,16.1,spring
Naco,2024-06-11,27.0,0.0,26,18.6,spring
Naco,2024-06-12,30.2,0.0,17,14.7,spring
Naco,2024-06-13,28.6,0.0,18,26.5,spring
Naco,2024-06-14,28.3,0.0,25,25.3,spring
Naco,2024-06-15,27.0,0.0,18,16.1,spring
Naco,2024-06-16,27.8,0.0,27,21.6,spring
Naco,2024-06-17,26.5,0.0,50,28.4,spring
Naco,2024-06-18,25.4,0.0,37,22.7,spring
Naco,2024-06-19,26.2,0.0,53,17.4,spring
Naco,2024-06-20,28.8,0.0,44,30.0,spring
Naco,2024-06-21,29.1,0.4,64,23.1,summer
Naco,2024-06-22,27.4,9.7,75,19.9,summer
Naco,2024-06-23,26.6,0.2,82,29.8,summer
Naco,2024-06-24,26.6,0.5,91,16.9,summer
Naco,2024-06-25,26.5,0.9,80,18.0,summer
Naco,2024-06-26,27.1,6.3,69,20.8,summer
Naco,2024-06-27,26.5,0.7,75,9.9,summer
Naco,2024-06-28,26.4,11.0,88,15.8,summer
Naco,2024-06-29,27.3,0.1,87,20.5,summer
Naco,2024-06-30,26.2,3.4,81,16.5,summer
Naco,2024-07-01,25.0,3.3,84,22.4,summer
Naco,2024-07-02,26.8,0.5,67,22.4,summer
Naco,2024-07-03,26.7,0.2,76,16.6,summer
Naco,2024-07-04,26.9,0.0,90,22.9,summer
Naco,2024-07-05,28.6,0.0,83,18.3,summer
Naco,2024-07-06,28.6,0.0,64,23.4,summer
Naco,2024-07-07,28.7,0.0,82,23.1,summer
Naco,2024-07-08,29.5,0.0,47,25.3,summer
Naco,2024-07-09,28.4,0.1,62,34.4,summer
Naco,2024-07-10,28.7,0.0,40,19.8,summer
Naco,2024-07-11,28.6,0.0,43,25.9,summer
Naco,2024-07-12,28.6,0.0,57,23.4,summer
Naco,2024-07-13,28.2,0.0,55,20.2,summer
Naco,2024-07-14,27.2,3.5,90,27.7,summer
Naco,2024-07-15,26.2,0.0,78,16.7,summer
Naco,2024-07-16,25.9,0.9,88,20.1,summer
Naco,2024-07-17,27.2,0.0,80,10.1,summer
Naco,2024-07-18,29.4,0.0,46,18.1,summer
Naco,2024-07-19,28.6,2.1,66,13.2,summer
Naco,2024-07-20,27.5,1.3,66,17.4,summer
Naco,2024-07-21,25.6,6.7,93,13.0,summer
Naco,2024-07-22,25.6,0.1,81,18.7,summer
Naco,2024-07-23,26.8,0.0,76,18.3,summer
Naco,2024-07-24,27.1,0.0,51,9.9,summer
Naco,2024-07-25,28.2,0.0,68,19.8,summer
Naco,2024-07-26,27.9,0.1,63,25.2,summer
Naco,2024-07-27,26.1,3.3,76,13.7,summer
Naco,2024-07-28,24.1,1.8,80,12.7,summer
Naco,2024-07-29,25.6,0.1,86,19.4,summer
Naco,2024-07-30,25.4,0.1,83,13.0,summer
Naco,2024-07-31,24.5,7.5,82,12.3,summer
Naco,2024-08-01,24.9,1.5,89,14.3,summer
Naco,2024-08-02,27.1,1.2,85,17.1,summer
Naco,2024-08-03,27.8,0.0,78,14.2,summer
Naco,2024-08-04,27.9,0.3,67,17.8,summer
Naco,2024-08-05,26.9,2.8,80,20.5,summer
Naco,2024-08-06,25.9,1.9,77,23.6,summer
Naco,2024-08-07,23.9,5.6,95,11.6,summer
Naco,2024-08-08,23.8,0.8,92,12.9,summer
Naco,2024-08-09,25.4,0.3,92,17.6,summer
Naco,2024-08-10,24.9,2.3,91,18.4,summer
Naco,2024-08-11,25.0,0.0,79,10.6,summer
Naco,2024-08-12,24.4,5.4,82,18.8,summer
Naco,2024-08-13,23.6,0.1,88,12.5,summer
Naco,2024-08-14,24.6,0.0,84,19.0,summer
Naco,2024-08-15,26.1,0.0,81,11.8,summer
Naco,2024-08-16,27.4,0.8,74,23.5,summer
Naco,2024-08-17,27.5,0.0,70,29.0,summer
Naco,2024-08-18,26.6,0.0,86,15.9,summer
Naco,2024-08-19,27.7,0.6,74,19.4,summer
Naco,2024-08-20,26.9,0.0,70,30.6,summer
Naco,2024-08-21,26.1,2.6,87,19.6,summer
Naco,2024-08-22,25.1,0.2,84,20.6,summer
Naco,2024-08-23,25.1,0.1,83,23.2,summer
Naco,2024-08-24,24.8,0.0,77,24.0,summer
Naco,2024-08-25,24.9,0.5,77,12.0,summer
Naco,2024-08-26,25.5,0.1,68,16.7,summer
Naco,2024-08-27,25.0,9.5,78,14.3,summer
Naco,2024-08-28,23.6,0.7,79,17.4,summer
Naco,2024-08-29,23.5,0.0,77,20.2,summer
Naco,2024-08-30,25.0,0.0,61,22.7,summer
Naco,2024-08-31,23.8,0.4,62,17.1,summer
Naco,2024-09-01,24.2,0.3,75,27.7,summer
Naco,2024-09-02,23.9,0.4,76,23.8,summer
Naco,2024-09-03,23.6,0.0,78,20.0,summer
Naco,2024-09-04,24.8,0.0,70,22.4,summer
Naco,2024-09-05,25.6,0.0,73,20.3,summer
Naco,2024-09-06,25.5,0.0,57,22.5,summer
Naco,2024-09-07,25.5,0.0,53,27.8,summer
Naco,2024-09-08,24.6,0.0,54,20.2,summer
Naco,2024-09-09,24.7,0.0,45,14.7,summer
Naco,2024-09-10,25.0,0.0,36,14.8,summer
Naco,2024-09-11,25.4,0.0,27,20.1,summer
Naco,2024-09-12,25.4,0.0,41,21.6,summer
Naco,2024-09-13,24.6,0.0,56,20.2,summer
Naco,2024-09-14,24.4,0.0,86,13.8,summer
Naco,2024-09-15,25.0,0.1,71,19.3,summer
Naco,2024-09-16,23.9,0.0,92,21.0,summer
Naco,2024-09-17,23.6,2.2,92,24.3,summer
Naco,2024-09-18,21.1,0.0,97,19.8,summer
Naco,2024-09-19,21.8,0.0,76,23.7,summer
Naco,2024-09-20,21.6,0.0,63,29.0,summer
Naco,2024-09-21,20.9,0.0,95,21.5,summer
Naco,2024-09-22,20.8,0.0,58,10.2,summer
Naco,2024-09-23,23.8,0.0,36,12.6,autumn
Naco,2024-09-24,25.3,0.0,43,9.0,autumn
Naco,2024-09-25,25.8,0.0,46,22.2,autumn
Naco,2024-09-26,26.8,0.0,46,13.9,autumn
Naco,2024-09-27,27.8,0.0,38,17.3,autumn
Naco,2024-09-28,26.6,0.0,35,24.5,autumn
Naco,2024-09-29,26.0,0.0,35,20.8,autumn
Naco,2024-09-30,26.0,0.0,30,14.5,autumn
Naco,2024-10-01,28.1,0.0,24,25.4,autumn
Naco,2024-10-02,23.7,0.0,42,14.8,autumn
Naco,2024-10-03,24.7,0.0,26,22.1,autumn
Naco,2024-10-04,26.2,0.0,22,14.1,autumn
Naco,2024-10-05,25.3,0.0,31,16.4,autumn
Naco,2024-10-06,27.2,0.0,22,25.3,autumn
Naco,2024-10-07,23.9,0.0,36,18.2,autumn
Naco,2024-10-08,24.4,0.0,32,9.6,autumn
Naco,2024-10-09,23.9,0.0,35,13.2,autumn
Naco,2024-10-10,24.6,0.0,27,18.5,autumn
Naco,2024-10-11,23.9,0.0,35,10.7,autumn
Naco,2024-10-12,24.2,0.0,26,9.9,autumn
Naco,2024-10-13,24.4,0.0,23,12.1,autumn
Naco,2024-10-14,23.3,0.0,46,22.6,autumn
Naco,2024-10-15,21.1,0.0,58,20.9,autumn
Naco,2024-10-16,21.2,0.0,50,20.7,autumn
Naco,2024-10-17,20.5,0.0,51,28.1,autumn
Naco,2024-10-18,17.2,0.7,84,42.9,autumn
Naco,2024-10-19,14.2,0.0,81,24.1,autumn
Naco,2024-10-20,15.4,0.0,43,17.8,autumn
Naco,2024-10-21,18.5,0.0,36,11.3,autumn
Naco,2024-10-22,22.1,0.0,39,9.2,autumn
Naco,2024-10-23,23.7,0.0,31,18.1,autumn
Naco,2024-10-24,22.0,0.0,37,17.6,autumn
Naco,2024-10-25,22.3,0.0,29,18.7,autumn
Naco,2024-10-26,24.1,0.0,29,10.9,autumn
Naco,2024-10-27,22.7,0.0,40,20.0,autumn
Naco,2024-10-28,21.0,0.0,43,26.5,autumn
Naco,2024-10-29,15.9,0.0,50,36.1,autumn
Naco,2024-10-30,11.8,0.0,59,11.7,autumn
Naco,2024-10-31,14.0,0.0,36,17.2,autumn
Naco,2024-11-01,16.4,0.0,36,22.6,autumn
Naco,2024-11-02,14.2,0.0,69,24.5,autumn
Naco,2024-11-03,10.6,10.9,91,35.6,autumn
Naco,2024-11-04,8.1,0.0,90,16.0,autumn
Naco,2024-11-05,10.1,0.0,86,10.8,autumn
Naco,2024-11-06,10.9,0.0,59,27.0,autumn
Naco,2024-11-07,7.3,0.0,71,23.4,autumn
Naco,2024-11-08,6.2,0.0,59,9.3,autumn
Naco,2024-11-09,11.2,0.0,45,9.0,autumn
Naco,2024-11-10,13.4,0.0,45,9.9,autumn
Naco,2024-11-11,16.2,0.0,41,14.8,autumn
Naco,2024-11-12,13.2,0.0,46,22.5,autumn
Naco,2024-11-13,11.7,0.0,55,12.4,autumn
Naco,2024-11-14,14.8,0.0,36,10.3,autumn
Naco,2024-11-15,15.5,0.0,54,29.5,autumn
Naco,2024-11-16,9.6,0.0,91,27.4,autumn
Naco,2024-11-17,6.5,0.3,92,23.0,autumn
Naco,2024-11-18,7.0,0.0,89,14.3,autumn
Naco,2024-11-19,7.8,0.0,71,13.5,autumn
Naco,2024-11-20,11.3,0.0,45,11.2,autumn
Naco,2024-11-21,12.1,0.0,52,11.2,autumn
Naco,2024-11-22,15.1,0.0,41,12.1,autumn
Naco,2024-11-23,16.4,0.0,29,20.1,autumn
Naco,2024-11-24,14.4,0.0,35,23.2,autumn
Naco,2024-11-25,14.2,0.0,40,15.1,autumn
Naco,2024-11-26,15.3,0.0,53,15.7,autumn
Naco,2024-11-27,16.1,0.0,50,22.1,autumn
Naco,2024-11-28,14.7,0.0,57,19.2,autumn
Naco,2024-11-29,12.4,0.0,70,13.2,autumn
Naco,2024-11-30,14.8,0.0,59,12.8,autumn
Naco,2024-12-01,13.8,0.0,55,7.3,autumn
Naco,2024-12-02,14.2,0.0,43,14.9,autumn
Naco,2024-12-03,13.7,0.0,53,17.8,autumn
Naco,2024-12-04,12.1,0.0,41,7.1,autumn
Naco,2024-12-05,11.7,0.0,53,16.9,autumn
Naco,2024-12-06,10.2,0.0,81,17.6,autumn
Naco,2024-12-07,8.9,0.0,96,12.9,autumn
Naco,2024-12-08,10.1,0.0,74,20.0,autumn
Naco,2024-12-09,10.2,0.0,55,19.2,autumn
Naco,2024-12-10,6.1,0.0,51,23.9,autumn
Naco,2024-12-11,6.8,0.0,19,16.8,autumn
Naco,2024-12-12,9.5,0.0,27,25.2,autumn
Naco,2024-12-13,10.7,0.0,36,23.7,autumn
Naco,2024-12-14,11.0,0.0,37,9.8,autumn
Naco,2024-12-15,12.4,0.0,32,13.7,autumn
Naco,2024-12-16,12.2,0.0,33,10.1,autumn
Naco,2024-12-17,12.6,0.0,35,6.5,autumn
Naco,2024-12-18,11.6,0.0,34,24.5,autumn
Naco,2024-12-19,11.8,0.0,50,7.7,autumn
Naco,2024-12-20,12.5,0.0,46,9.9,autumn
Naco,2024-12-21,13.1,0.0,45,5.3,winter
Naco,2024-12-22,14.4,0.0,26,20.6,winter
Naco,2024-12-23,14.1,0.0,29,14.5,winter
Naco,2024-12-24,13.4,0.0,34,16.4,winter
Naco,2024-12-25,11.5,0.0,55,29.5,winter
Naco,2024-12-26,9.2,0.0,72,15.1,winter
Naco,2024-12-27,10.6,0.0,58,21.3,winter
Naco,2024-12-28,10.2,0.0,51,8.0,winter
Naco,2024-12-29,13.0,0.0,47,13.2,winter
Naco,2024-12-30,13.4,0.0,36,22.1,winter
Naco,2024-12-31,12.4,0.0,33,22.3,winter
Naco,2025-01-01,11.5,0.0,36,13.4,winter
Naco,2025-01-02,13.0,0.0,21,6.6,winter
Naco,2025-01-03,14.7,0.0,23,17.2,winter
Naco,2025-01-04,13.9,0.0,30,29.5,winter
Naco,2025-01-05,9.2,0.0,39,11.0,winter
Naco,2025-01-06,11.2,0.0,34,18.9,winter
Naco,2025-01-07,8.5,0.0,34,23.4,winter
Naco,2025-01-08,-0.8,1.2,63,41.3,winter
Naco,2025-01-09,-2.3,0.0,77,17.6,winter
Naco,2025-01-10,2.2,0.0,72,25.5,winter
Naco,2025-01-11,5.7,0.0,49,18.1,winter
Naco,2025-01-12,5.1,0.0,63,19.0,winter
Naco,2025-01-13,4.4,0.0,56,13.1,winter
Naco,2025-01-14,4.7,0.0,44,11.0,winter
Naco,2025-01-15,7.3,0.0,57,17.8,winter
Naco,2025-01-16,10.1,0.2,55,25.5,winter
Naco,2025-01-17,6.6,0.0,65,21.4,winter
Naco,2025-01-18,6.7,0.0,57,12.8,winter
Naco,2025-01-19,7.3,0.0,50,14.8,winter
Naco,2025-01-20,5.8,0.0,37,21.1,winter
Naco,2025-01-21,2.0,0.0,41,31.3,winter
Naco,2025-01-22,5.2,0.0,19,19.3,winter
Naco,2025-01-23,3.8,0.0,20,19.3,winter
Naco,2025-01-24,5.1,0.0,19,12.4,winter
Naco,2025-01-25,9.9,0.0,32,30.5,winter
Naco,2025-01-26,10.2,0.0,48,26.6,winter
Naco,2025-01-27,8.3,0.0,54,27.6,winter
Naco,2025-01-28,5.5,0.0,73,25.6,winter
Naco,2025-01-29,3.2,1.1,89,19.8,winter
Naco,2025-01-30,4.2,0.0,95,17.6,winter
Naco,2025-01-31,7.6,0.0,84,8.5,winter
Naco,2025-02-01,11.4,0.0,46,11.5,winter
Naco,2025-02-02,13.8,0.0,39,11.0,winter
Naco,2025-02-03,16.0,0.0,60,17.4,winter
Naco,2025-02-04,16.6,0.0,18,24.3,winter
Naco,2025-02-05,15.4,0.0,30,20.9,winter
Naco,2025-02-06,15.3,0.0,29,25.3,winter
Naco,2025-02-07,16.1,0.0,35,24.0,winter
Naco,2025-02-08,16.4,0.0,21,22.1,winter
Naco,2025-02-09,15.4,0.0,24,25.3,winter
Naco,2025-02-10,12.8,0.0,51,24.5,winter
Naco,2025-02-11,10.5,0.0,64,39.0,winter
Naco,2025-02-12,7.6,0.0,76,26.4,winter
Naco,2025-02-13,10.7,0.0,70,22.0,winter
Naco,2025-02-14,11.5,0.0,83,33.9,winter
Naco,2025-02-15,9.7,0.2,89,21.2,winter
Naco,2025-02-16,10.7,0.0,61,12.9,winter
Naco,2025-02-17,13.4,0.0,28,25.8,winter
Naco,2025-02-18,12.7,0.0,47,25.3,winter
Naco,2025-02-19,12.6,0.0,43,13.1,winter
Naco,2025-02-20,13.3,0.2,35,20.3,winter
Naco,2025-02-21,12.0,0.0,39,22.9,winter
Naco,2025-02-22,10.4,0.0,35,15.8,winter
Naco,2025-02-23,12.1,0.0,37,17.1,winter
Naco,2025-02-24,15.1,0.0,28,8.1,winter
Naco,2025-02-25,15.9,0.0,27,15.8,winter
Naco,2025-02-26,16.4,0.0,30,19.6,winter
Naco,2025-02-27,14.1,0.0,37,27.0,winter
Naco,2025-02-28,12.7,0.0,52,22.4,winter
Naco,2025-03-01,14.3,0.0,63,41.8,winter
Naco,2025-03-02,11.9,0.0,76,20.4,winter
Naco,2025-03-03,8.4,0.0,57,35.2,winter
Naco,2025-03-04,8.1,0.0,70,19.6,winter
Naco,2025-03-05,12.5,0.0,55,18.0,winter
Naco,2025-03-06,12.7,0.5,64,38.7,winter
Naco,2025-03-07,5.8,1.9,76,39.2,winter
Naco,2025-03-08,6.1,0.0,83,23.0,winter
Naco,2025-03-09,9.0,0.0,76,21.0,winter
Naco,2025-03-10,11.6,0.0,46,16.7,winter
Naco,2025-03-11,11.7,0.0,46,32.7,winter
Naco,2025-03-12,11.9,0.0,87,19.8,winter
Naco,2025-03-13,11.5,2.2,87,44.2,winter
Naco,2025-03-14,6.2,0.0,81,27.3,winter
Naco,2025-03-15,8.7,1.1,84,28.7,winter
Naco,2025-03-16,10.7,0.0,81,11.4,winter
Naco,2025-03-17,16.5,0.0,44,30.6,winter
Naco,2025-03-18,11.8,0.0,38,31.6,winter
Naco,2025-03-19,9.6,0.0,35,20.7,winter
Naco,2025-03-20,12.5,0.0,29,19.9,winter
Naco,2025-03-21,14.9,0.0,20,21.1,spring
Naco,2025-03-22,15.9,0.0,22,24.5,spring
Naco,2025-03-23,15.9,0.0,29,13.3,spring
Naco,2025-03-24,17.9,0.0,34,10.6,spring
Naco,2025-03-25,21.0,0.0,24,17.7,spring
Naco,2025-03-26,19.4,0.0,30,21.1,spring
Naco,2025-03-27,18.1,0.0,40,21.5,spring
Naco,2025-03-28,17.9,0.0,36,31.3,spring
Naco,2025-03-29,16.7,0.4,51,31.6,spring
Naco,2025-03-30,15.1,0.0,64,25.9,spring
Naco,2025-03-31,16.2,0.0,43,24.1,spring
Naco,2025-04-01,16.1,0.0,66,43.0,spring
Naco,2025-04-02,10.2,0.0,52,31.7,spring
Naco,2025-04-03,8.7,0.0,52,26.6,spring
Naco,2025-04-04,7.4,0.8,70,17.2,spring
Naco,2025-04-05,8.3,0.0,80,15.3,spring
Naco,2025-04-06,9.8,0.0,64,18.8,spring
Naco,2025-04-07,13.8,0.0,37,11.6,spring
Naco,2025-04-08,16.9,0.0,22,10.5,spring
Naco,2025-04-09,19.6,0.0,17,8.6,spring
Naco,2025-04-10,21.2,0.0,19,15.3,spring
Naco,2025-04-11,23.0,0.0,22,19.2,spring
Naco,2025-04-12,21.8,0.0,15,25.2,spring
Naco,2025-04-13,21.8,0.0,23,31.3,spring
Naco,2025-04-14,21.8,0.0,30,23.3,spring
Naco,2025-04-15,21.0,0.0,48,29.7,spring
Naco,2025-04-16,20.3,0.0,67,37.3,spring
Naco,2025-04-17,18.6,0.0,39,37.0,spring
Naco,2025-04-18,13.3,0.0,57,30.8,spring
Naco,2025-04-19,12.3,0.5,74,23.6,spring
Naco,2025-04-20,13.2,0.0,44,12.3,spring
Naco,2025-04-21,17.7,0.0,23,22.1,spring
Naco,2025-04-22,17.9,0.0,23,23.5,spring
Naco,2025-04-23,18.1,0.0,32,26.2,spring
Naco,2025-04-24,18.0,0.0,45,19.0,spring
Naco,2025-04-25,18.9,0.0,43,22.2,spring
Naco,2025-04-26,18.8,0.0,47,31.8,spring
Naco,2025-04-27,15.8,0.0,50,33.2,spring
Naco,2025-04-28,15.4,0.0,48,26.0,spring
Naco,2025-04-29,15.2,0.0,39,24.4,spring
Naco,2025-04-30,16.9,0.0,42,17.7,spring
Naco,2025-05-01,18.2,0.0,35,23.3,spring
Naco,2025-05-02,18.2,0.0,30,21.8,spring
Naco,2025-05-03,18.6,0.0,39,25.7,spring
Naco,2025-05-04,16.2,0.0,45,40.3,spring
Naco,2025-05-05,12.9,0.4,71,31.5,spring
Naco,2025-05-06,13.4,0.0,66,20.3,spring
Naco,2025-05-07,16.3,0.0,71,25.2,spring
Naco,2025-05-08,19.0,0.0,62,16.3,spring
Naco,2025-05-09,21.4,0.0,38,23.8,spring
Naco,2025-05-10,21.9,0.0,38,34.1,spring
Naco,2025-05-11,23.4,0.0,30,19.6,spring
Naco,2025-05-12,23.9,0.0,33,32.8,spring
Naco,2025-05-13,23.0,0.0,46,38.3,spring
Naco,2025-05-14,19.4,0.0,34,32.0,spring
Naco,2025-05-15,18.6,0,26,25.3,spring
Naco,2025-05-16,NA,0,NA,NA,spring
Naco,2025-05-17,NA,0,NA,NA,spring
Berga,2024-05-17,11.7,3.9,94,11.4,spring
Berga,2024-05-18,13.0,3.8,96,11.2,spring
Berga,2024-05-19,13.2,4.2,94,9.5,spring
Berga,2024-05-20,13.4,0.3,96,14.6,spring
Berga,2024-05-21,13.9,11.4,94,20.4,spring
Berga,2024-05-22,13.5,8.6,98,17.5,spring
Berga,2024-05-23,13.5,1.0,98,17.7,spring
Berga,2024-05-24,13.4,2.7,94,10.1,spring
Berga,2024-05-25,14.8,0.0,100,18.8,spring
Berga,2024-05-26,16.8,0.1,92,11.8,spring
Berga,2024-05-27,16.6,3.3,99,13.8,spring
Berga,2024-05-28,17.3,0.3,98,15.3,spring
Berga,2024-05-29,19.0,0.7,95,17.9,spring
Berga,2024-05-30,18.5,23.3,99,18.7,spring
Berga,2024-05-31,15.5,9.1,100,17.6,spring
Berga,2024-06-01,14.6,20.4,100,15.0,spring
Berga,2024-06-02,14.3,3.2,98,13.2,spring
Berga,2024-06-03,16.3,1.9,90,8.6,spring
Berga,2024-06-04,16.7,7.6,95,17.0,spring
Berga,2024-06-05,19.3,0.0,93,20.5,spring
Berga,2024-06-06,21.2,0.0,86,15.8,spring
Berga,2024-06-07,22.2,0.0,72,15.5,spring
Berga,2024-06-08,21.3,0.0,87,13.4,spring
Berga,2024-06-09,18.1,18.5,92,13.7,spring
Berga,2024-06-10,15.8,2.7,96,12.4,spring
Berga,2024-06-11,15.1,9.4,100,12.8,spring
Berga,2024-06-12,13.5,28.8,100,12.6,spring
Berga,2024-06-13,14.0,0.2,98,16.5,spring
Berga,2024-06-14,18.3,0.2,95,17.9,spring
Berga,2024-06-15,17.9,4.6,91,17.4,spring
Berga,2024-06-16,16.8,0.1,94,15.1,spring
Berga,2024-06-17,19.0,0.1,89,12.9,spring
Berga,2024-06-18,20.9,0.2,91,11.9,spring
Berga,2024-06-19,20.6,3.1,97,6.9,spring
Berga,2024-06-20,17.6,18.2,99,12.9,spring
Berga,2024-06-21,17.3,1.1,98,15.8,summer
Berga,2024-06-22,18.4,1.0,100,18.4,summer
Berga,2024-06-23,18.7,4.6,100,18.8,summer
Berga,2024-06-24,17.8,5.5,100,11.8,summer
Berga,2024-06-25,20.1,0.0,90,15.2,summer
Berga,2024-06-26,20.7,0.0,88,11.3,summer
Berga,2024-06-27,23.1,0.0,83,9.7,summer
Berga,2024-06-28,24.3,0.0,85,13.7,summer
Berga,2024-06-29,20.4,3.3,86,16.6,summer
Berga,2024-06-30,20.0,0.1,93,13.2,summer
Berga,2024-07-01,19.1,20.8,98,11.4,summer
Berga,2024-07-02,18.0,0.4,98,15.8,summer
Berga,2024-07-03,20.1,3.6,100,18.9,summer
Berga,2024-07-04,21.2,0.0,94,15.2,summer
Berga,2024-07-05,21.9,0.0,88,12.8,summer
Berga,2024-07-06,21.8,6.5,97,14.8,summer
Berga,2024-07-07,20.1,13.1,100,16.5,summer
Berga,2024-07-08,19.6,0.7,97,10.5,summer
Berga,2024-07-09,21.6,0.0,92,12.1,summer
Berga,2024-07-10,22.8,0.0,84,15.6,summer
Berga,2024-07-11,23.4,0.0,86,13.7,summer
Berga,2024-07-12,23.4,3.3,97,18.2,summer
Berga,2024-07-13,19.0,0.1,100,15.8,summer
Berga,2024-07-14,22.1,0.0,93,15.0,summer
Berga,2024-07-15,23.6,0.0,92,15.5,summer
Berga,2024-07-16,23.4,1.9,91,16.9,summer
Berga,2024-07-17,22.1,0.5,99,16.5,summer
Berga,2024-07-18,24.6,0.0,90,14.2,summer
Berga,2024-07-19,27.3,0.3,86,18.7,summer
Berga,2024-07-20,26.2,0.0,78,15.8,summer
Berga,2024-07-21,21.4,21.6,95,12.8,summer
Berga,2024-07-22,19.8,0.0,92,12.9,summer
Berga,2024-07-23,23.2,0.0,82,14.3,summer
Berga,2024-07-24,25.0,0.1,84,15.5,summer
Berga,2024-07-25,23.8,0.1,88,12.2,summer
Berga,2024-07-26,24.6,0.0,90,11.0,summer
Berga,2024-07-27,24.5,0.0,80,12.6,summer
Berga,2024-07-28,24.8,0.0,72,10.7,summer
Berga,2024-07-29,26.1,0.0,58,18.9,summer
Berga,2024-07-30,27.4,0.0,65,17.9,summer
Berga,2024-07-31,27.2,0.0,50,17.3,summer
Berga,2024-08-01,27.5,0.0,69,16.1,summer
Berga,2024-08-02,25.4,0.8,82,11.1,summer
Berga,2024-08-03,23.2,0.0,82,15.3,summer
Berga,2024-08-04,24.8,0.0,86,19.9,summer
Berga,2024-08-05,25.7,0.0,88,18.1,summer
Berga,2024-08-06,25.7,0.0,85,12.2,summer
Berga,2024-08-07,25.2,0.0,82,13.8,summer
Berga,2024-08-08,26.4,0.0,80,20.0,summer
Berga,2024-08-09,26.7,0.0,86,17.7,summer
Berga,2024-08-10,27.3,0.0,75,13.0,summer
Berga,2024-08-11,25.5,0.0,80,10.2,summer
Berga,2024-08-12,25.7,0.0,83,13.5,summer
Berga,2024-08-13,23.6,3.9,76,15.0,summer
Berga,2024-08-14,22.6,4.3,91,10.7,summer
Berga,2024-08-15,21.1,1.5,94,11.1,summer
Berga,2024-08-16,20.1,0.4,90,8.7,summer
Berga,2024-08-17,22.5,1.5,87,12.0,summer
Berga,2024-08-18,22.2,9.7,99,16.1,summer
Berga,2024-08-19,19.7,0.0,98,13.7,summer
Berga,2024-08-20,21.1,0.3,96,11.2,summer
Berga,2024-08-21,22.5,0.0,88,14.6,summer
Berga,2024-08-22,23.0,0.1,87,14.1,summer
Berga,2024-08-23,24.6,0.2,94,13.6,summer
Berga,2024-08-24,23.6,0.3,88,16.4,summer
Berga,2024-08-25,22.1,5.0,98,12.9,summer
Berga,2024-08-26,21.2,7.7,97,13.0,summer
Berga,2024-08-27,22.6,0.4,98,10.3,summer
Berga,2024-08-28,22.1,0.1,93,6.4,summer
Berga,2024-08-29,22.9,0.0,91,10.8,summer
Berga,2024-08-30,21.8,0.0,93,11.3,summer
Berga,2024-08-31,21.9,0.0,87,10.9,summer
Berga,2024-09-01,20.6,1.5,87,10.4,summer
Berga,2024-09-02,20.8,0.2,85,11.0,summer
Berga,2024-09-03,18.6,9.5,98,12.3,summer
Berga,2024-09-04,16.7,13.3,99,7.6,summer
Berga,2024-09-05,15.0,0.0,99,11.4,summer
Berga,2024-09-06,17.3,33.0,99,13.1,summer
Berga,2024-09-07,19.7,4.4,97,16.1,summer
Berga,2024-09-08,18.6,8.0,98,16.1,summer
Berga,2024-09-09,16.6,0.0,92,12.8,summer
Berga,2024-09-10,16.7,0.0,92,11.7,summer
Berga,2024-09-11,16.9,0.0,86,13.2,summer
Berga,2024-09-12,17.3,3.4,98,12.1,summer
Berga,2024-09-13,12.9,1.5,94,11.8,summer
Berga,2024-09-14,13.3,0.0,72,11.0,summer
Berga,2024-09-15,16.0,0.0,66,10.6,summer
Berga,2024-09-16,17.4,0.0,60,18.5,summer
Berga,2024-09-17,15.9,7.9,100,13.0,summer
Berga,2024-09-18,15.2,1.7,99,13.9,summer
Berga,2024-09-19,15.1,2.5,99,12.6,summer
Berga,2024-09-20,13.4,3.7,99,6.0,summer
Berga,2024-09-21,15.2,9.9,99,8.5,summer
Berga,2024-09-22,15.8,3.4,98,11.0,summer
Berga,2024-09-23,14.9,1.5,95,14.2,autumn
Berga,2024-09-24,16.0,1.7,92,15.4,autumn
Berga,2024-09-25,16.5,0.0,89,17.2,autumn
Berga,2024-09-26,18.9,0.0,89,23.1,autumn
Berga,2024-09-27,14.9,0.0,95,18.9,autumn
Berga,2024-09-28,12.5,0.3,87,13.9,autumn
Berga,2024-09-29,13.5,0.0,86,12.7,autumn
Berga,2024-09-30,15.8,0.0,86,9.3,autumn
Berga,2024-10-01,17.2,0.0,88,13.2,autumn
Berga,2024-10-02,14.7,10.8,100,10.8,autumn
Berga,2024-10-03,14.2,14.3,100,13.6,autumn
Berga,2024-10-04,11.2,0.0,87,12.9,autumn
Berga,2024-10-05,12.8,0.0,87,10.6,autumn
Berga,2024-10-06,16.6,0.0,92,15.4,autumn
Berga,2024-10-07,17.2,6.9,98,10.4,autumn
Berga,2024-10-08,14.9,1.2,98,17.2,autumn
Berga,2024-10-09,15.7,0.7,91,20.7,autumn
Berga,2024-10-10,14.2,1.9,99,11.5,autumn
Berga,2024-10-11,13.4,0.0,95,12.2,autumn
Berga,2024-10-12,14.0,3.4,97,11.1,autumn
Berga,2024-10-13,15.4,0.0,100,11.1,autumn
Berga,2024-10-14,19.1,0.7,87,6.7,autumn
Berga,2024-10-15,18.7,23.6,99,10.7,autumn
Berga,2024-10-16,15.4,9.1,99,11.5,autumn
Berga,2024-10-17,12.4,18.1,99,10.8,autumn
Berga,2024-10-18,11.7,8.3,97,6.6,autumn
Berga,2024-10-19,10.9,0.0,98,10.1,autumn
Berga,2024-10-20,14.2,0.0,85,9.9,autumn
Berga,2024-10-21,14.9,0.0,88,9.2,autumn
Berga,2024-10-22,13.8,4.7,93,6.0,autumn
Berga,2024-10-23,14.6,0.6,96,5.2,autumn
Berga,2024-10-24,14.2,0.0,94,11.2,autumn
Berga,2024-10-25,13.3,2.6,98,9.8,autumn
Berga,2024-10-26,11.5,41.5,99,13.1,autumn
Berga,2024-10-27,11.2,1.4,98,12.5,autumn
Berga,2024-10-28,13.6,3.5,87,15.3,autumn
Berga,2024-10-29,14.8,0.0,92,13.5,autumn
Berga,2024-10-30,14.3,16.6,96,18.0,autumn
Berga,2024-10-31,15.4,4.7,98,15.0,autumn
Berga,2024-11-01,14.9,0.0,86,9.9,autumn
Berga,2024-11-02,13.2,1.7,85,11.2,autumn
Berga,2024-11-03,13.7,6.3,97,10.1,autumn
Berga,2024-11-04,13.4,6.6,99,12.4,autumn
Berga,2024-11-05,13.3,1.2,91,7.4,autumn
Berga,2024-11-06,13.2,4.0,96,8.2,autumn
Berga,2024-11-07,12.2,0.6,97,10.4,autumn
Berga,2024-11-08,12.2,0.1,92,9.8,autumn
Berga,2024-11-09,10.9,3.7,98,7.2,autumn
Berga,2024-11-10,10.9,6.4,99,7.0,autumn
Berga,2024-11-11,11.0,0.0,92,12.5,autumn
Berga,2024-11-12,8.1,0.0,86,16.3,autumn
Berga,2024-11-13,9.0,3.7,93,23.2,autumn
Berga,2024-11-14,10.4,0.3,97,9.4,autumn
Berga,2024-11-15,9.5,0.9,98,10.4,autumn
Berga,2024-11-16,9.4,0.0,90,9.7,autumn
Berga,2024-11-17,10.1,0.0,94,7.1,autumn
Berga,2024-11-18,8.9,0.0,97,9.4,autumn
Berga,2024-11-19,9.2,0.0,95,9.9,autumn
Berga,2024-11-20,9.6,0.4,94,12.7,autumn
Berga,2024-11-21,9.7,0.1,99,20.2,autumn
Berga,2024-11-22,8.3,0.0,84,11.2,autumn
Berga,2024-11-23,7.4,0.4,94,16.4,autumn
Berga,2024-11-24,8.4,5.0,99,10.0,autumn
Berga,2024-11-25,9.8,15.7,98,7.3,autumn
Berga,2024-11-26,9.8,0.1,100,8.3,autumn
Berga,2024-11-27,7.8,0.0,87,6.4,autumn
Berga,2024-11-28,9.7,0.0,83,5.5,autumn
Berga,2024-11-29,11.1,0.0,73,5.6,autumn
Berga,2024-11-30,8.7,0.0,85,5.7,autumn
Berga,2024-12-01,8.9,0.0,90,5.7,autumn
Berga,2024-12-02,11.2,0.3,90,8.8,autumn
Berga,2024-12-03,7.2,0.5,92,8.0,autumn
Berga,2024-12-04,6.3,1.3,93,7.8,autumn
Berga,2024-12-05,6.4,0.0,65,8.2,autumn
Berga,2024-12-06,11.1,0.1,100,6.4,autumn
Berga,2024-12-07,9.1,1.3,99,18.1,autumn
Berga,2024-12-08,5.0,0.1,87,10.6,autumn
Berga,2024-12-09,4.0,0.2,87,8.8,autumn
Berga,2024-12-10,3.3,0.1,97,8.9,autumn
Berga,2024-12-11,3.4,5.3,100,11.0,autumn
Berga,2024-12-12,4.9,1.3,93,18.1,autumn
Berga,2024-12-13,5.0,0.6,95,11.9,autumn
Berga,2024-12-14,3.5,0.0,95,8.5,autumn
Berga,2024-12-15,3.1,0.5,100,7.7,autumn
Berga,2024-12-16,5.6,0.0,68,6.2,autumn
Berga,2024-12-17,5.0,0.0,67,6.1,autumn
Berga,2024-12-18,7.8,0.0,76,5.5,autumn
Berga,2024-12-19,7.8,0.0,90,13.5,autumn
Berga,2024-12-20,4.6,0.0,76,8.5,autumn
Berga,2024-12-21,3.4,0.0,79,6.9,winter
Berga,2024-12-22,7.0,0.0,95,9.0,winter
Berga,2024-12-23,4.0,0.0,86,12.1,winter
Berga,2024-12-24,6.2,0.0,98,6.9,winter
Berga,2024-12-25,7.0,0.0,100,9.0,winter
Berga,2024-12-26,6.6,0.7,100,6.4,winter
Berga,2024-12-27,6.5,0.0,99,7.3,winter
Berga,2024-12-28,6.4,0.0,80,6.2,winter
Berga,2024-12-29,6.8,0.0,76,7.2,winter
Berga,2024-12-30,6.1,0.0,66,4.8,winter
Berga,2024-12-31,5.1,0.0,65,5.2,winter
Berga,2025-01-01,4.0,0.0,76,6.5,winter
Berga,2025-01-02,3.1,0.0,89,7.6,winter
Berga,2025-01-03,5.4,0.0,80,6.7,winter
Berga,2025-01-04,6.4,0.0,90,6.0,winter
Berga,2025-01-05,6.2,0.0,94,8.8,winter
Berga,2025-01-06,7.3,3.4,97,12.9,winter
Berga,2025-01-07,3.9,0.0,95,12.1,winter
Berga,2025-01-08,7.3,0.0,99,15.9,winter
Berga,2025-01-09,8.0,0.0,94,16.5,winter
Berga,2025-01-10,6.2,0.0,97,9.5,winter
Berga,2025-01-11,9.0,0.5,94,6.9,winter
Berga,2025-01-12,3.0,0.0,75,11.4,winter
Berga,2025-01-13,1.9,0.0,59,8.8,winter
Berga,2025-01-14,2.7,0.0,49,8.5,winter
Berga,2025-01-15,3.7,0.0,52,6.8,winter
Berga,2025-01-16,2.9,0.2,72,16.6,winter
Berga,2025-01-17,5.3,0.0,76,13.1,winter
Berga,2025-01-18,4.6,0.0,86,8.3,winter
Berga,2025-01-19,5.4,0.0,72,7.4,winter
Berga,2025-01-20,4.5,0.0,85,15.9,winter
Berga,2025-01-21,3.2,0.1,93,4.8,winter
Berga,2025-01-22,8.8,0.2,94,17.4,winter
Berga,2025-01-23,7.1,0.1,99,7.8,winter
Berga,2025-01-24,8.3,0.0,95,12.8,winter
Berga,2025-01-25,8.2,0.0,91,15.8,winter
Berga,2025-01-26,5.5,0.3,95,18.5,winter
Berga,2025-01-27,9.1,7.8,98,15.5,winter
Berga,2025-01-28,5.1,0.6,95,17.7,winter
Berga,2025-01-29,3.4,0.0,93,18.7,winter
Berga,2025-01-30,5.1,0.0,95,11.1,winter
Berga,2025-01-31,5.1,0.0,91,12.8,winter
Berga,2025-02-01,3.6,0.0,89,6.1,winter
Berga,2025-02-02,3.3,0.0,93,7.2,winter
Berga,2025-02-03,5.4,0.0,93,10.8,winter
Berga,2025-02-04,6.6,0.0,67,6.2,winter
Berga,2025-02-05,7.0,0.0,68,7.9,winter
Berga,2025-02-06,5.5,0.0,77,8.1,winter
Berga,2025-02-07,3.4,2.7,100,10.0,winter
Berga,2025-02-08,2.9,11.3,100,11.7,winter
Berga,2025-02-09,3.5,0.0,90,9.1,winter
Berga,2025-02-10,7.3,0.0,100,11.4,winter
Berga,2025-02-11,6.4,2.6,100,11.5,winter
Berga,2025-02-12,5.8,8.0,98,6.1,winter
Berga,2025-02-13,6.2,0.7,99,13.0,winter
Berga,2025-02-14,8.9,0.0,90,9.5,winter
Berga,2025-02-15,7.6,2.5,100,11.4,winter
Berga,2025-02-16,7.7,0.0,99,7.7,winter
Berga,2025-02-17,10.1,0.0,88,11.1,winter
Berga,2025-02-18,8.0,0.0,96,11.9,winter
Berga,2025-02-19,8.3,0.0,92,6.8,winter
Berga,2025-02-20,8.3,0.0,100,6.7,winter
Berga,2025-02-21,9.1,5.1,100,16.0,winter
Berga,2025-02-22,8.6,14.1,100,7.6,winter
Berga,2025-02-23,8.7,0.0,97,9.3,winter
Berga,2025-02-24,7.2,0.0,95,12.8,winter
Berga,2025-02-25,7.2,9.1,93,8.0,winter
Berga,2025-02-26,4.4,0.1,99,15.0,winter
Berga,2025-02-27,5.7,0.0,84,9.3,winter
Berga,2025-02-28,6.1,0.3,86,9.7,winter
Berga,2025-03-01,7.0,9.5,97,7.9,winter
Berga,2025-03-02,6.0,0.0,92,19.5,winter
Berga,2025-03-03,8.1,4.3,93,17.1,winter
Berga,2025-03-04,9.2,0.1,88,12.2,winter
Berga,2025-03-05,8.2,0.0,92,13.7,winter
Berga,2025-03-06,7.8,0.6,80,16.8,winter
Berga,2025-03-07,8.9,3.8,97,11.8,winter
Berga,2025-03-08,9.3,29.4,99,11.5,winter
Berga,2025-03-09,7.8,35.3,99,19.4,winter
Berga,2025-03-10,6.2,1.8,92,11.1,winter
Berga,2025-03-11,7.0,4.2,98,11.7,winter
Berga,2025-03-12,6.9,0.7,97,14.9,winter
Berga,2025-03-13,6.2,3.9,98,15.2,winter
Berga,2025-03-14,3.8,16.8,100,7.9,winter
Berga,2025-03-15,4.8,2.5,100,15.0,winter
Berga,2025-03-16,4.0,3.7,99,15.7,winter
Berga,2025-03-17,5.9,4.6,99,9.0,winter
Berga,2025-03-18,5.8,0.3,85,13.8,winter
Berga,2025-03-19,8.2,24.7,98,11.7,winter
Berga,2025-03-20,11.9,2.6,96,16.8,winter
Berga,2025-03-21,8.7,17.0,99,15.2,spring
Berga,2025-03-22,8.0,4.2,95,20.7,spring
Berga,2025-03-23,5.4,20.6,96,11.2,spring
Berga,2025-03-24,6.4,4.6,100,10.3,spring
Berga,2025-03-25,6.9,12.5,99,9.3,spring
Berga,2025-03-26,7.5,0.1,99,10.6,spring
Berga,2025-03-27,7.6,1.0,97,12.2,spring
Berga,2025-03-28,8.2,0.3,95,11.3,spring
Berga,2025-03-29,6.3,0.0,78,27.3,spring
Berga,2025-03-30,8.6,0.0,82,10.7,spring
Berga,2025-03-31,12.7,0.0,80,9.7,spring
Berga,2025-04-01,11.0,0.1,75,13.4,spring
Berga,2025-04-02,7.2,15.3,98,12.1,spring
Berga,2025-04-03,10.4,0.8,91,13.1,spring
Berga,2025-04-04,12.2,0.1,74,17.7,spring
Berga,2025-04-05,10.8,0.7,86,9.5,spring
Berga,2025-04-06,12.8,0.0,91,13.7,spring
Berga,2025-04-07,13.5,1.2,98,18.1,spring
Berga,2025-04-08,12.8,0.0,97,15.0,spring
Berga,2025-04-09,13.0,3.7,96,7.4,spring
Berga,2025-04-10,13.2,1.6,91,11.8,spring
Berga,2025-04-11,12.2,0.0,90,11.7,spring
Berga,2025-04-12,12.9,0.0,88,12.1,spring
Berga,2025-04-13,12.6,9.7,99,8.1,spring
Berga,2025-04-14,12.4,12.2,97,12.2,spring
Berga,2025-04-15,10.4,16.9,99,13.4,spring
Berga,2025-04-16,6.5,8.9,98,8.4,spring
Berga,2025-04-17,8.9,0.0,95,17.1,spring
Berga,2025-04-18,10.6,0.2,83,19.9,spring
Berga,2025-04-19,7.4,24.7,96,21.1,spring
Berga,2025-04-20,7.4,0.0,93,16.7,spring
Berga,2025-04-21,10.0,0.0,86,13.8,spring
Berga,2025-04-22,10.6,11.0,94,12.4,spring
Berga,2025-04-23,11.4,0.0,92,15.7,spring
Berga,2025-04-24,12.2,0.0,98,19.1,spring
Berga,2025-04-25,14.4,0.4,98,11.1,spring
Berga,2025-04-26,11.5,25.3,100,7.7,spring
Berga,2025-04-27,10.9,2.3,100,11.9,spring
Berga,2025-04-28,11.9,0.3,86,9.0,spring
Berga,2025-04-29,12.8,6.3,96,14.5,spring
Berga,2025-04-30,13.3,0.0,94,11.2,spring
Berga,2025-05-01,13.8,1.0,86,10.1,spring
Berga,2025-05-02,14.4,17.1,93,14.5,spring
Berga,2025-05-03,16.1,5.9,96,15.0,spring
Berga,2025-05-04,14.8,5.9,96,15.4,spring
Berga,2025-05-05,10.3,11.5,98,7.7,spring
Berga,2025-05-06,9.6,8.4,97,13.2,spring
Berga,2025-05-07,9.0,0.2,94,11.6,spring
Berga,2025-05-08,9.8,9.2,97,11.9,spring
Berga,2025-05-09,12.1,6.2,95,11.8,spring
Berga,2025-05-10,13.0,19.2,97,10.3,spring
Berga,2025-05-11,12.8,1.5,96,16.2,spring
Berga,2025-05-12,11.0,0.5,91,17.7,spring
Berga,2025-05-13,11.8,6.1,95,14.5,spring
Berga,2025-05-14,12.2,1.4,93,8.9,spring
Berga,2025-05-15,13.7,0.0,98,9.9,spring
Berga,2025-05-16,9.3,0,83,8.0,spring
Berga,2025-05-17,NA,0,NA,NA,spring
